>A3LT2_HUMAN,250,0,250,0
9.41666666666667,2,3,16,0.74,
9.05708333333333,3,2,16,2.126,
9.03013888888889,3,3,16,1.77166666666667,
>A3LT2_MOUSE,250,0,250,0
8.5425,3,2,41,1.958,
8,2,2,41,1.53,
7.81416666666667,3,3,41,2.78666666666667,
>A3LT2_RAT,269,0,269,0
6.11848678975062,5,2,31,2.44428571428571,
5.87178936157808,4,3,37,0.531428571428571,
5.64341477007466,4,2,31,2.61,
,,,,,F,L,S,A,F,G,L,L,G,L,Y,H,Y,W,F,K,I,F,R,L,F,E,V,F,I,P,M,G,I,C,P,M,A,I,M,P,L,L,K,D,N,F,T,G,V,L,R,H,W,A,R,P,E,V,L,T,C,
>A4GAT_HUMAN,305,0,305,0
9.11019607838019,3,2,18,1.23,
8.62352940562307,2,2,18,0.925,
8.47119607843095,4,2,18,1.025,
>A4GAT_MOUSE,250,0,250,0
9.1687640055475,3,2,29,1.23,
8.53668414449067,4,2,29,1.025,
7.97176403453742,5,2,29,0.878571428571429,
>A4GAT_RAT,250,0,250,0
9.3034313725024,3,2,29,1.23,
9.01176470028781,2,2,29,0.925,
8.66280637254863,4,2,29,1.025,
>A4GCT_MOUSE,305,0,305,0
6.4281512611722,2,3,3,2,
6.14640756305861,2,5,3,1.42857142857143,
5.93203781529305,2,4,3,1.66666666666667,
>AAAD_BOVIN,250,0,0,250
6.79294103219991,5,3,6,1.55,
6.6840324506886,4,5,4,1.65,
6.59882309659974,5,2,6,1.77142857142857,
,,,,,X,X,X,X,X,X,X,X,X,X,X,X,R,K,K,Y,F,G,F,L,I,L,G,V,L,L,A,G,Y,I,Y,V,P,L,P,D,N,V,E,E,P,W,K,I,M,L,L,N,T,F,L,K,T,
>AAAD_MOUSE,250,0,0,269
6.22050416553195,5,3,5,0.45875,
6.19567226893542,2,5,3,0.524285714285714,
6.18549986383436,4,3,5,0.524285714285714,
,,,,,X,X,X,X,X,X,X,X,X,X,X,X,X,G,K,T,I,S,L,L,I,S,V,V,L,V,A,Y,Y,L,Y,I,P,L,P,D,A,I,E,E,P,W,K,V,V,W,E,T,A,F,V,K,I,
>AAAD_RAT,250,0,0,250
8.20672268393295,2,2,3,0.6125,
8.16890756131098,2,3,3,0.49,
7.96838935569944,3,2,3,0.49,
>ABHEA_HUMAN,305,0,0,0
7.79388538748833,3,3,33,0.616666666666667,
7.71498949579832,3,2,33,0.74,
7.54847134687208,3,4,33,0.528571428571429,
>ABHEA_MOUSE,305,0,0,0
8.50588235053396,2,2,3,1.23,
6.7877071662016,3,4,9,1.25142857142857,
6.6508286648064,3,3,9,1.46,
,,,,,X,X,X,X,X,X,X,X,X,X,X,X,X,V,Q,K,F,M,S,R,Y,Q,A,A,L,L,G,L,G,L,L,L,V,F,L,L,Y,M,G,L,P,G,P,P,E,Q,T,S,R,L,W,R,G,P,N,V,T,
>ABHEA_RAT,305,0,0,0
6.78571574464084,3,4,4,1.25142857142857,
6.64286297856335,3,3,4,1.46,
6.48165811741398,4,3,5,1.25142857142857,
,,,,,X,X,X,X,X,X,X,X,X,X,X,X,S,R,Y,Q,A,A,L,L,G,L,G,L,L,L,M,F,L,L,Y,M,G,L,P,G,P,P,K,Q,T,S,Q,L,G,R,G,P,N,V,T,V,
>ALG1_HUMAN,305,0,0,305
5.22067178746498,5,2,4,0,
5.10707282903448,3,2,4,0,
4.96689059582166,5,3,4,0,
>ALG1_MOUSE,250,0,0,250
5.15042016116169,2,2,3,0,
4.75294115065586,2,3,16,0,
4.75294115065586,2,4,16,0,
,,,,,X,X,X,X,X,X,X,X,X,X,X,X,X,A,A,S,C,V,A,L,L,V,L,A,L,L,L,L,V,L,L,L,G,L,W,K,R,G,R,Q,T,G,R,A,R,H,M,V,V,V,V,L,G,D,V,G,R,S,P,R,M,Q,Y,H,
>ALG1_PONAB,250,0,0,250
5.39537815143071,2,2,4,0,
5.22067224848273,5,2,4,0,
5.1651260504769,2,3,4,0,
>ALG5_HUMAN,250,0,0,250
5.51974789875981,2,3,2,0,
5.502664565823,3,3,2,0,
5.35924369627944,2,2,2,0,
>ALG5_MOUSE,250,0,0,250
5.42983193396456,2,2,6,0.3125,
5.01890756327039,2,3,2,0,
4.46050393907546,4,2,18,0,
,,,,,X,X,X,X,X,X,X,X,X,X,X,X,X,X,A,T,L,L,L,Q,L,L,G,L,G,V,A,L,A,A,A,A,L,I,L,V,S,I,V,A,F,I,T,A,T,K,M,P,P,C,Y,Q,H,E,E,E,K,F,F,L,N,A,K,G,Q,K,E,
>AMPQ_FELCA,250,0,0,0
7.07689075630252,2,2,12,0.6125,
6.72563025210084,2,3,12,0.49,
6.56890756302521,2,4,12,0.408333333333333,
>AMPQ_HUMAN,303,0,0,0
7.58613445132567,2,2,12,0.6125,
6.89537815044189,2,3,12,0.49,
6.61134453761047,2,4,12,0.408333333333333,
>AMPQ_MOUSE,250,0,0,0
7.65504201680672,2,2,13,0.6125,
7.45168067226891,2,3,13,0.49,
7.10504201680672,3,2,13,0.49,
>AOC3_RAT,269,0,0,0
8.48055958216614,4,2,5,0.82,
8.22685319405538,4,3,5,0.702857142857143,
8.18067132985138,5,2,5,0.702857142857143,
>APMAP_HUMAN,269,0,0,0
7.21470587642407,2,2,36,0.6125,
6.22803921563687,3,2,36,0.49,
5.06437000272331,5,2,36,0.35,
>ARXS1_MOUSE,305,0,0,269
7.45168066377072,2,2,9,0,
6.71722688792357,2,3,9,0,
6.48953483893498,4,2,9,0.408333333333333,
>ASPH_BOVIN,303,0,0,1
5.88534375,4,2,61,1.155,
5.48050286458333,5,2,61,0.99,
5.37458333333333,3,2,61,1.386,
>ASPH_HUMAN,269,0,0,1
5.88544806255785,4,2,58,1.155,
5.48050373385465,5,2,58,0.99,
5.38710084027577,3,2,58,1.386,
>ASPH_MOUSE,303,0,0,250
6.00210083719744,2,2,55,0.6125,
5.88534375,4,2,67,1.155,
5.48050286458333,5,2,67,0.99,
,,,,,A,R,R,E,A,K,H,G,G,H,K,N,G,R,R,G,G,I,S,G,G,S,F,F,T,W,F,M,V,I,A,L,L,G,V,W,T,S,V,A,V,V,W,F,D,L,V,D,Y,E,E,V,L,G,K,L,G,V,Y,D,A,D,G,
>AT1B4_BOVIN,250,0,0,0
8.29477430555556,4,2,107,1.36333333333333,
8.0749564525463,5,2,107,1.16857142857143,
7.79825810185185,4,3,107,1.16857142857143,
>AT1B4_HUMAN,250,0,0,0
8.24448491479864,4,2,109,1.36333333333333,
8.02453737428999,5,2,109,1.16857142857143,
7.78149497159955,4,3,109,1.16857142857143,
>AT1B4_MOUSE,250,0,0,0
4.885,3,2,120,1.012,
4.57339930555556,4,2,123,0,
4.5435283275463,5,2,123,0,
,,,,,Q,S,R,S,L,I,L,V,I,Y,F,F,F,Y,A,S,L,A,A,V,I,T,L,F,I,Y,M,L,F,L,A,I,S,P,Y,M,P,T,F,T,E,Q,V,K,P,P,G,V,M,I,R,P,F,A,
>AT1B4_PIG,269,0,0,0
6.68789839446196,5,2,107,0.178571428571429,
6.67280733543465,4,2,107,0.208333333333333,
6.25596613148732,5,3,107,0.15625,
>B3GA1_CANLF,250,0,250,0
10.6757282914308,3,2,5,0.98,
10.633408846873,4,2,5,1.42833333333333,
10.1336117403906,5,2,5,1.22428571428571,
>B3GA1_HUMAN,250,0,250,250
10.7002801119264,3,2,5,0.98,
10.6336134453772,4,2,5,1.42833333333333,
10.5336134311699,2,2,5,0.6125,
>B3GA2_CANLF,250,0,250,0
7.82100840336135,2,2,7,0.6125,
7.74033613445378,2,3,7,0.49,
7.39758403361344,2,4,7,0.408333333333333,
>B3GA2_MOUSE,250,0,250,0
7.69789915986852,2,3,7,0.49,
7.69369747960556,2,2,7,0.6125,
7.38697478996713,2,4,7,0.408333333333333,
>B3GA3_CRIGR,250,0,250,0
8.83039215686275,2,3,6,0.734,
8.29117647058824,2,2,6,0.9175,
8.13259803921569,2,4,6,0.611666666666667,
>B3GA3_HUMAN,269,0,269,0
8.99243697400845,2,3,6,0.734,
8.77731092202535,2,2,6,0.9175,
8.17310924350211,2,4,6,0.611666666666667,
>B3GL1_MOUSE,250,0,250,0
7.62653711486108,3,2,20,2.12,
7.58662348273147,3,3,20,1.76666666666667,
7.09665587068287,3,4,20,1.51428571428571,
>B3GL1_PIG,250,0,250,0
7.62969187673549,3,2,20,2.12,
7.58767507002294,3,3,20,1.76666666666667,
7.09691876750574,3,4,20,1.51428571428571,
>B3GL1_PONAB,250,0,250,0
7.49635854341737,3,2,20,1.636,
7.45434173669468,3,3,20,1.36333333333333,
6.96358543417367,3,4,20,1.16857142857143,
>B3GL1_RAT,250,0,250,0
7.6296918767507,3,2,20,2.12,
7.58767507002801,3,3,20,1.76666666666667,
7.096918767507,3,4,20,1.51428571428571,
>B3GL2_HUMAN,250,0,250,269
9.30106092436975,3,2,3,1.876,
9.01146475256769,3,3,3,1.56333333333333,
8.57611995214753,4,2,3,1.56333333333333,
>B3GL2_MOUSE,250,0,250,250
9.31792717078701,3,2,3,1.876,
9.01708683470678,3,3,3,1.56333333333333,
8.576260504201,4,2,3,1.56333333333333,
>B3GLT_HUMAN,269,0,0,269
6.40567577030975,3,2,13,0,
6.10126050420168,2,2,3,0,
5.85782507586369,4,2,13,0,
,,,,,X,X,X,X,X,X,X,X,X,X,X,X,X,R,P,P,A,C,W,W,L,L,A,P,P,A,L,L,A,L,L,T,C,S,L,A,F,G,L,A,S,E,D,T,K,K,E,V,K,Q,S,Q,D,L,E,K,S,G,I,S,R,
>B3GLT_MOUSE,250,0,0,255
7.33206687675097,4,2,4,0.408333333333333,
7.26262488330817,3,3,3,0.408333333333333,
7.25454131659116,3,2,3,0.49,
,,,,,X,X,X,X,X,X,X,X,X,X,X,X,X,R,P,P,A,L,L,A,L,F,S,C,S,A,A,F,A,L,M,S,E,E,I,K,E,K,V,T,P,S,Q,D,L,R,Q,S,S,L,P,G,
>B3GN2_HUMAN,305,0,305,0
8.3304194410403,5,2,8,1.57428571428571,
7.85033292483655,4,2,8,1.42833333333333,
7.05035013992516,2,4,6,1.42833333333333,
,,,,,X,X,X,X,X,X,X,X,X,X,S,V,G,R,R,R,I,K,L,L,G,I,L,M,M,A,N,V,F,I,Y,F,I,M,E,V,S,K,S,S,S,Q,E,K,N,G,K,G,E,V,I,I,P,
>B3GN2_MOUSE,305,0,305,0
8.39042016806722,5,2,8,1.57428571428571,
7.92542016806681,4,2,8,1.42833333333333,
7.15042016801674,3,2,8,1.224,
>B3GN3_HUMAN,305,0,305,0
8.19243667668456,5,2,11,0.35,
7.89747889222819,5,3,11,0.30625,
7.49240120214753,4,2,11,0,
>B3GN3_MOUSE,305,0,305,0
8.85428516427404,5,2,9,1.08285714285714,
8.83969887955717,3,2,9,1.266,
8.5142197128852,4,2,9,1.055,
>B3GN4_HUMAN,250,0,250,0
5.95853641458352,3,2,36,1.012,
5.89728991597229,3,3,36,0.843333333333333,
5.59932247899307,3,4,36,0.722857142857143,
>B3GN4_MOUSE,250,0,250,0
6.435840336066,2,5,3,0.35,
6.07920168033,2,4,3,0.408333333333333,
6.06978160013964,4,2,5,0.408333333333333,
,,,,,X,X,X,X,X,X,X,X,X,X,X,X,X,L,P,R,L,G,C,V,L,F,C,S,L,V,V,L,L,L,S,C,L,L,L,L,K,E,R,I,P,A,G,S,S,K,A,H,Q,Q,F,L,A,
>B3GN5_HUMAN,250,0,250,0
9.26597995448171,4,3,13,2.21714285714286,
8.98426120447146,3,3,13,1.975,
8.89793986344512,4,2,13,2.58666666666667,
>B3GN5_MOUSE,250,0,250,0
8.16720214752624,4,2,12,2.78666666666667,
7.96425770314862,3,2,12,2.61,
7.35462184657408,2,3,1,0.49,
,,,,,X,X,X,X,X,X,X,X,X,X,X,X,X,X,X,R,L,F,V,S,R,R,V,K,R,W,K,I,F,H,F,F,V,T,C,F,I,L,S,F,M,V,F,W,S,P,I,N,N,Y,I,M,S,H,M,K,S,Y,S,Y,R,Y,
>B3GN5_PIG,250,0,250,0
8.09110337885173,4,2,11,2.58666666666667,
7.79907212887498,3,2,11,2.37,
6.64117586149043,5,2,11,2.21714285714286,
>B3GN5_RAT,250,0,250,0
7.10753273809538,4,2,13,2.38333333333333,
6.87059523811236,3,2,13,2.126,
5.67647017657758,5,2,16,1.37571428571429,
,,,,,X,X,X,R,V,F,V,S,S,R,R,V,K,R,W,Q,F,F,H,L,F,A,I,C,F,I,L,S,F,M,V,F,W,G,P,I,N,N,Y,I,M,S,H,M,K,S,Y,S,Y,R,Y,L,I,N,
>B3GN6_HUMAN,269,0,269,0
6.22098739503988,2,5,12,0.524285714285714,
6.20493697519939,2,4,12,0.611666666666667,
6.01974790079757,2,3,12,0.734,
>B3GN6_MOUSE,250,0,250,0
6.22907570003696,5,2,13,0.524285714285714,
5.90302523334565,5,3,13,0.45875,
5.69008053217663,3,2,13,0,
>B3GN7_HUMAN,305,0,305,0
7.32997899160084,3,2,10,1.502,
7.27665966386695,3,3,10,1.25166666666667,
7.14915966403373,2,3,10,0.49,
>B3GN7_MOUSE,305,0,305,0
7.69453780670081,2,2,10,0.9175,
7.6315126022336,2,3,10,0.734,
7.39953781505584,3,2,10,1.746,
>B3GN7_RAT,305,0,305,0
7.74999999973253,2,2,10,0.9175,
7.64999999991085,2,3,10,0.734,
7.39999999999777,3,2,10,1.746,
>B3GN8_HUMAN,250,0,250,0
7.10758096988796,4,2,4,1.02,
6.98586032329599,4,3,4,0.874285714285714,
6.94716386554622,2,4,4,0.611666666666667,
>B3GN8_MOUSE,250,0,250,0
7.25504201680658,4,3,6,1.05285714285714,
6.96512605041973,4,2,6,1.22833333333333,
6.53837535012237,3,3,6,0.82,
>B3GT1_GORGO,305,0,305,0
5.41386554661294,2,4,3,0.611666666666667,
5.08628653127952,4,2,5,0.611666666666667,
4.92105042020874,3,2,5,0.734,
,,,,,X,X,X,X,X,X,X,X,X,X,X,X,X,A,S,K,V,S,C,L,Y,V,L,T,V,V,C,W,A,S,A,L,W,Y,L,S,I,T,R,P,T,S,S,Y,T,G,S,K,P,F,S,H,L,
>B3GT2_HUMAN,305,0,305,0
8.95124649862688,3,2,25,0.78,
7.99747898642356,2,2,19,1.53,
7.55959372082189,4,2,25,0.65,
,,,,,R,R,R,H,C,C,F,A,K,M,T,W,N,A,K,R,S,L,F,R,T,H,L,I,G,V,L,S,L,V,F,L,F,A,M,F,L,F,F,N,H,H,D,W,L,P,G,R,A,G,F,K,E,N,P,V,T,
>B3GT2_MOUSE,305,0,305,0
7.06332633052048,3,2,20,1.224,
7.01820728635783,2,3,19,1.224,
6.69913883053212,4,2,20,1.02,
,,,,,R,R,R,H,C,C,F,A,K,M,T,W,S,P,K,R,S,L,L,R,T,P,L,T,G,V,L,S,L,V,F,L,F,A,M,F,L,F,F,N,H,H,D,W,L,P,G,R,P,G,F,K,
>B3GT5_HUMAN,305,0,305,0
6.45058123249884,3,2,6,1.224,
6.30986595471527,4,2,6,1.02,
5.58633046413002,4,3,9,1.07285714285714,
,,,,,X,X,X,X,X,X,X,X,X,X,A,F,P,K,M,R,L,M,Y,I,C,L,L,V,L,G,A,L,C,L,Y,F,S,M,Y,S,L,N,P,F,K,E,Q,S,F,V,Y,K,K,D,G,N,F,L,
>B3GT5_MOUSE,305,0,305,0
8.11695728290854,3,2,6,1.224,
8.03487394902463,2,2,6,0.6125,
7.16067247388539,5,2,6,1.08142857142857,
>B3GT6_HUMAN,269,0,269,0
8.05168067362246,2,3,10,0.98,
8.01459733894685,3,3,10,1.225,
7.75504202086737,2,2,10,1.225,
>B3GT6_MOUSE,250,0,250,0
8.89095238095388,3,3,10,1.05833333333333,
8.73952380952832,3,2,10,1.27,
8.56428571446605,2,3,10,0.78,
>B3GT9_HUMAN,250,0,250,0
7.41041993472157,5,3,12,1.51,
7.38039332399586,3,3,12,1.605,
7.31125980416472,5,2,12,1.72571428571429,
>B4GA1_HUMAN,269,0,269,0
8.30126049836804,2,2,12,1.5775,
8.16708683278935,2,3,12,1.262,
7.14177170819734,2,4,12,1.05166666666667,
>B4GN2_HUMAN,305,0,305,0
8.01092436095185,2,2,66,0.6125,
7.69630275516456,5,2,66,0.878571428571429,
7.25633061974729,4,2,66,0.616666666666667,
>B4GN3_HUMAN,269,0,269,0
9.01478869412349,5,2,23,1.4,
8.83159623137449,5,3,23,1.225,
8.64964329481807,4,2,23,1.225,
>B4GN4_HUMAN,250,0,250,0
9.00688975597184,5,2,13,1.57714285714286,
8.65562991865728,5,3,13,1.38,
8.57677071662039,4,2,13,1.43166666666667,
>B4GN4_MOUSE,250,0,250,0
9.00689075630252,5,2,13,1.57714285714286,
8.65563025210084,5,3,13,1.38,
8.57689075630194,4,2,13,1.43166666666667,
>B4GT2_CRIGR,250,0,250,0
7.47689075630252,2,2,14,0.9175,
7.12563025210084,2,3,14,0.734,
6.46890756302521,2,4,14,0.611666666666667,
>B4GT2_MOUSE,250,0,250,0
8.405042012278,2,2,10,0.93,
7.1004201681888,2,3,14,0.734,
6.4626050420472,2,4,14,0.611666666666667,
,,,,,X,X,X,X,X,X,S,R,L,L,G,G,T,L,E,R,V,C,K,A,V,L,L,L,C,L,L,H,F,L,V,A,V,I,L,Y,F,D,V,Y,A,Q,H,L,A,F,F,S,R,F,S,T,R,S,P,
>B4GT3_BOVIN,250,0,250,0
9.01260504201681,2,2,3,1.225,
7.37086834733894,2,3,3,1.234,
6.5499153096308,5,2,10,0.531428571428571,
,,,,,X,X,X,X,X,X,X,X,X,X,X,X,X,L,R,R,L,L,E,R,P,C,T,L,A,L,L,V,G,S,Q,L,A,V,M,M,Y,L,S,L,G,G,F,R,S,L,S,A,L,F,G,R,E,Q,E,P,A,F,
>B4GT3_CRIGR,250,0,250,0
8.15462185287715,2,2,3,1.225,
7.08487395095905,2,3,3,1.234,
6.54991596638655,5,2,10,0.531428571428571,
,,,,,X,X,X,X,X,X,X,X,X,X,X,X,X,L,R,R,L,L,E,R,P,C,T,L,A,L,L,V,G,S,Q,L,A,V,M,M,Y,L,S,L,G,G,F,R,S,L,S,A,L,F,G,R,D,Q,G,P,T,F,
>B4GT3_MOUSE,250,0,250,0
8.1546218487395,2,2,3,1.225,
7.08487394957983,2,3,3,1.234,
6.54991596638656,5,2,10,0.531428571428571,
,,,,,X,X,X,X,X,X,X,X,X,X,X,X,X,L,R,R,L,L,E,R,P,C,T,L,A,L,L,V,G,S,Q,L,A,V,M,M,Y,L,S,L,G,G,F,R,S,L,S,A,L,F,G,R,D,P,G,P,T,F,
>B4GT3_PONAB,250,0,250,0
8.1546218487395,2,2,3,1.225,
7.08487394957983,2,3,3,1.234,
6.54991596638656,5,2,10,0.531428571428571,
,,,,,X,X,X,X,X,X,X,X,X,X,X,X,X,L,R,R,L,L,E,R,P,C,T,L,A,L,L,V,G,S,Q,L,A,V,M,M,Y,L,S,L,G,G,F,R,S,L,S,A,L,F,G,R,D,Q,G,P,T,F,
>B4GT4_CRIGR,250,0,250,0
7.72001400560224,3,2,13,0.98,
7.62488900560224,4,2,13,1.66,
7.61999907504669,5,2,13,1.42285714285714,
>B4GT4_MOUSE,250,0,250,0
7.8583333332691,3,2,13,0.98,
7.75104166666613,4,2,13,1.66,
7.58605034722222,5,2,13,1.42285714285714,
>B4GT4_RAT,250,0,250,0
7.85938375349634,3,2,13,0.98,
7.75105042016803,4,2,13,1.66,
7.58605042016807,5,2,13,1.42285714285714,
>B4GT7_MOUSE,250,0,250,0
7.23327742836718,5,2,29,1.22428571428571,
7.21072216386397,3,4,27,1.22428571428571,
7.18665966367677,2,4,27,1.02,
,,,,,W,E,D,G,R,A,R,L,L,P,G,G,L,R,R,K,C,S,I,F,H,L,F,I,A,F,L,L,L,V,F,F,S,L,L,W,L,Q,L,S,C,S,G,D,M,A,Q,V,T,R,G,Q,G,
>BTNL2_HUMAN,269,0,0,0
4.69546155097456,5,2,10,0.722857142857143,
4.48038611694678,4,2,10,0,
4.45848718365819,5,3,10,0.6325,
>BWNIN_HUMAN,305,0,0,0
4.85210084033613,2,2,16,0,
4.65210084033613,3,2,16,0,
4.41736694677871,2,3,16,0,
>BWNIN_MOUSE,250,0,0,0
6.38739495797374,3,2,16,0,
6.38739495684848,2,2,16,0,
5.79579831932458,3,3,16,0,
>BWNIN_PONAB,250,0,0,0
5.08739495798319,2,2,16,0,
4.65406162464986,3,2,16,0,
4.60857103660909,5,2,11,1.24714285714286,
,,,,,X,X,X,X,X,P,A,G,V,P,M,S,T,Y,L,K,M,L,A,A,S,L,L,A,M,C,A,G,A,E,V,V,H,R,Y,Y,R,P,D,L,T,I,P,E,I,P,P,K,R,G,E,L,K,T,E,L,
>C1GLT_RAT,269,0,0,0
5.91714191760038,5,2,7,1.51428571428571,
5.20703011204493,4,2,7,1.155,
5.04361344539208,3,2,7,1.386,
>CANT1_MOUSE,250,0,250,250
9.43258636787641,3,3,43,1.97166666666667,
9.33277309627555,5,3,43,1.785,
9.19775910362922,3,2,43,2.366,
>CANT1_RAT,269,0,269,269
9.4327731092428,3,3,43,1.97166666666667,
9.3327731092437,5,3,43,1.785,
9.19831932772839,3,2,43,2.366,
>CCPG1_HUMAN,250,0,0,0
8.6625,2,4,216,0.611666666666667,
8.55,2,3,216,0.734,
8.29125,3,2,217,0.734,
,,,,,P,S,K,E,L,S,K,R,Q,F,S,S,G,L,N,K,C,V,I,L,A,L,V,I,A,I,S,M,G,F,G,H,F,Y,G,T,I,Q,I,Q,K,R,Q,Q,L,V,R,K,I,H,E,D,
>CCPG1_MOUSE,269,0,0,0
9.37731091314622,2,2,217,0.9175,
9.32577030438207,2,3,217,0.734,
8.85644257609552,2,4,217,0.611666666666667,
>CCPG1_PONAB,250,0,0,0
8.68693977632339,2,4,215,0.611666666666667,
8.64775910529355,2,3,215,0.734,
8.30225840339645,3,2,216,0.734,
,,,,,E,P,S,K,E,S,K,R,Q,F,S,S,G,L,N,K,C,V,I,L,A,L,V,I,A,V,S,M,G,F,G,H,F,Y,G,T,I,Q,I,Q,K,R,Q,Q,L,V,R,K,I,H,E,D,
>CF089_HUMAN,269,0,269,0
8.52641806727238,3,2,55,1.262,
8.41160903944949,4,2,55,1.05166666666667,
8.33176340866208,5,2,55,0.901428571428571,
>CF089_MOUSE,250,0,250,0
8.2450980391256,3,2,55,1.262,
8.20392156859742,3,3,55,1.05166666666667,
8.1092647058816,4,2,55,1.05166666666667,
>CF089_RAT,250,0,250,0
8.51512603668406,2,2,62,2.1825,
8.50504201222802,2,3,62,1.746,
8.12641456583038,3,3,55,1.05166666666667,
,,,,,Q,L,L,E,K,N,E,P,Q,R,G,P,P,Q,Y,P,L,L,I,A,M,Y,K,V,L,L,T,L,G,L,I,L,F,T,A,Y,F,V,I,Q,P,F,S,S,L,A,P,E,P,V,L,S,G,A,H,T,W,R,
>CGAT1_HUMAN,305,0,305,0
8.56089985990761,3,2,6,0.98,
8.45084033718136,2,3,13,0.49,
8.20021008429534,2,4,13,0.408333333333333,
,,,,,X,X,X,X,X,X,X,X,X,X,M,M,V,R,R,G,L,L,A,W,I,S,R,V,V,V,L,L,V,L,L,C,C,A,I,S,V,L,Y,M,L,A,C,T,P,K,G,D,E,E,Q,L,A,L,P,R,A,N,
>CGAT1_MOUSE,305,0,305,0
8.61092436993702,2,3,11,0.49,
8.31523109248425,2,4,11,0.408333333333333,
8.26660014006308,3,2,4,0.98,
,,,,,X,X,X,X,X,X,X,X,X,X,X,X,V,R,R,G,L,L,G,W,I,S,R,V,V,I,L,L,V,L,L,C,C,A,I,S,V,L,Y,M,L,A,C,T,P,K,G,D,Q,E,Q,L,G,L,P,R,A,N,
>CGAT2_HUMAN,305,0,305,0
8.94636204480656,3,3,4,0.816666666666667,
8.56260857259561,4,3,4,0.7,
8.47241946775302,3,2,4,0.98,
>CGAT2_MOUSE,250,0,250,0
8.09915966386562,4,3,13,1.51857142857143,
8.09747899159687,4,2,13,1.77166666666667,
7.89915966495366,2,3,13,1.636,
>CHPF2_HUMAN,305,0,305,0
6.53287082749788,4,2,4,0.408333333333333,
6.41798225689582,5,2,4,0.35,
5.69429027583263,4,3,4,0.35,
>CHSS1_HUMAN,305,0,305,0
6.41014705872539,2,5,6,1.69,
6.4029411745078,2,3,6,2.366,
6.07294046306022,5,2,10,1.34,
,,,,,X,X,X,X,X,X,X,X,X,X,A,A,R,G,R,R,A,W,L,S,V,L,L,G,L,V,L,G,F,V,L,A,S,R,L,V,L,P,R,A,S,E,L,K,R,A,G,P,R,R,R,A,S,P,E,
>CHSS1_MOUSE,250,0,250,0
6.53613445313918,2,3,6,2.366,
5.9840336132848,2,4,6,1.97166666666667,
5.95680672265696,2,5,6,1.69,
>CHSS2_HUMAN,305,0,305,0
6.26000001005032,5,3,14,0.30625,
6.06000003015095,5,2,14,0.35,
6.01736694677871,2,3,14,0,
>CHSS2_MOUSE,305,0,305,0
6.26,5,3,14,0.30625,
6.06,5,2,14,0.35,
6.00000000008375,2,3,14,0,
>CHSS3_HUMAN,305,0,305,0
6.00520979857221,5,3,10,1.1725,
5.85562939571662,5,2,10,1.34,
5.52962016709462,4,5,8,1.31444444444444,
,,,,,X,X,X,X,X,X,X,X,A,V,R,S,R,R,P,W,M,S,V,A,L,G,L,V,L,G,F,T,A,A,S,W,L,I,A,P,R,V,A,E,L,S,E,R,K,R,R,G,S,S,L,C,S,
>CHSS3_MOUSE,305,0,305,0
6.52373211367864,4,3,8,1.69,
6.24160014004566,3,2,7,2.366,
6.22119634103593,4,2,8,1.97166666666667,
,,,,,X,X,X,X,X,X,X,X,X,A,V,R,S,R,R,P,W,V,S,V,A,L,G,L,V,L,G,F,T,A,A,S,W,L,I,A,P,R,V,A,E,L,S,E,K,R,R,R,G,S,S,L,
>CHST1_HUMAN,250,0,250,0
7.26617296917525,3,2,6,2.12,
7.2305514414098,4,2,6,1.76666666666667,
7.02205765639175,3,3,6,1.76666666666667,
>CHST1_MOUSE,250,0,250,0
7.60504200367444,2,2,5,2.65,
7.40168066789148,2,3,5,2.12,
7.28067226883764,3,2,6,2.12,
,,,,,X,X,X,X,X,X,X,X,X,X,X,Q,C,S,W,K,A,V,L,L,L,A,L,A,S,I,A,I,Q,Y,T,A,I,R,T,F,T,A,K,S,F,H,T,C,P,G,L,T,D,T,G,L,
>CHST2_HUMAN,269,0,269,0
9.18789332399627,3,3,53,1.42833333333333,
9.1636799719888,3,2,53,1.714,
8.92197333099907,3,4,53,1.22428571428571,
>CHST2_MOUSE,250,0,250,0
9.1907563025072,3,3,53,1.42833333333333,
9.17226890752161,3,2,53,1.714,
9.09075630086419,2,3,53,1.224,
>CHST3_HUMAN,250,0,250,0
8.92436974789916,2,2,12,0.6125,
7.48025405579003,4,2,23,1.86333333333333,
7.27781294107922,5,2,24,1.59714285714286,
,,,,,X,X,X,X,E,K,G,L,T,L,P,Q,D,C,R,D,F,V,H,S,L,K,M,R,S,K,Y,A,L,F,L,V,F,V,V,I,V,F,V,F,I,E,K,E,N,K,I,I,S,R,V,S,D,K,L,K,Q,I,P,Q,A,L,A,
>CHST3_MOUSE,250,0,250,0
8.95546217042054,2,2,23,1.8775,
8.82121218487295,4,2,23,1.66,
8.51848739014018,2,3,23,1.502,
>CHST3_RAT,250,0,250,0
9.04621848695728,2,2,23,1.8775,
8.82121848739493,4,2,23,1.66,
8.54873949565243,2,3,23,1.502,
>CHST4_HUMAN,269,0,269,0
8.55083158263306,4,2,7,1.835,
8.38084026318861,5,2,7,1.57285714285714,
8.28361052754435,4,3,7,1.57285714285714,
>CHST4_MOUSE,269,0,269,0
9.02039589168997,4,2,7,1.63166666666667,
8.78084033612939,3,2,7,1.224,
8.55084033552657,2,2,7,0.6125,
>CHST5_HUMAN,305,0,305,0
6.660670385689,5,2,32,0.524285714285714,
6.55544628267974,4,2,32,0.611666666666667,
6.406890128563,5,3,32,0.45875,
>CHST5_MOUSE,250,0,250,0
5.66302520359996,5,3,8,0.30625,
5.62959850607884,3,3,8,0,
5.60182072946048,2,3,8,0,
>CHST6_HUMAN,250,0,250,0
5.38907563009,2,2,8,0,
5.11699229691742,3,2,8,0,
5.01190476007301,2,3,12,0,
,,,,,X,X,X,X,X,X,X,X,W,L,P,R,V,S,S,T,A,V,T,A,L,L,L,A,Q,T,F,L,L,L,F,L,V,S,R,P,G,P,S,S,P,A,G,G,E,A,R,V,H,V,L,V,L,S,S,
>CHST7_HUMAN,250,0,250,0
6.45092403857376,5,2,12,1.77857142857143,
6.37697467952459,5,3,12,1.55625,
6.24924366988115,5,4,12,1.38333333333333,
>CHST7_MOUSE,250,0,250,0
6.57731092429028,3,2,14,0.734,
6.39243697476343,3,3,14,0.611666666666667,
6.09479009103641,5,2,14,1.24714285714286,
>CHST7_RAT,250,0,250,0
6.57478991597854,3,2,14,0.734,
6.39159663865952,3,3,14,0.611666666666667,
6.09478991596639,5,2,14,1.24714285714286,
>CHST8_HUMAN,250,0,250,0
6.76456582633053,2,3,15,0,
6.5936974789916,2,2,15,0,
6.01614145658263,2,4,15,0,
>CHST8_MOUSE,250,0,250,0
6.92436974630448,2,2,15,0,
6.87478991543483,2,3,15,0,
6.04369747885871,2,4,15,0,
>CHST9_HUMAN,250,0,250,0
8.7656862745098,2,3,11,0.984,
8.49304622821351,4,3,11,0.702857142857143,
8.42913868464052,4,2,11,0.82,
>CHST9_MOUSE,250,0,250,0
8.29957983100069,2,3,4,0.984,
7.69873949300206,2,2,4,1.23,
7.54466657913146,4,2,4,1.43166666666667,
>CHSTA_HUMAN,250,0,250,0
8.47308817693705,4,2,4,1.84666666666667,
8.42436272564568,4,3,4,1.58285714285714,
8.30391456577927,3,2,4,1.926,
>CHSTA_MOUSE,250,0,250,0
8.47310924369738,4,2,4,1.84666666666667,
8.42436974789913,4,3,4,1.58285714285714,
8.30644257701862,3,2,4,1.926,
>CHSTA_RAT,250,0,250,0
8.47310924369748,4,2,4,1.84666666666667,
8.42436974789916,4,3,4,1.58285714285714,
8.30644257703081,3,2,4,1.926,
>CHSTB_HUMAN,250,0,250,0
9.22016806433337,2,2,12,0.6125,
7.17861945611558,4,2,12,0.816666666666667,
6.57338935477779,2,3,12,0.98,
>CHSTB_MOUSE,250,0,250,0
8.52857143190668,2,2,12,0.6125,
7.17857142857166,4,2,12,0.816666666666667,
6.56190476193256,3,2,12,0.49,
>CHSTC_HUMAN,250,0,250,0
6.29220121381886,3,3,9,1.56333333333333,
6.19576680672269,3,2,4,1.224,
5.82329805672269,4,2,4,1.02,
,,,,,X,X,X,X,X,X,X,X,X,X,X,X,T,K,A,R,L,F,R,L,W,L,V,L,G,S,V,F,M,I,L,L,I,I,V,Y,W,D,S,A,G,A,A,H,F,Y,L,H,T,S,F,S,R,P,H,T,
>CHSTC_MOUSE,250,0,250,0
7.33165266105212,3,2,4,1.224,
7.04831932625394,2,2,4,0.6125,
6.67331932773099,4,2,4,1.02,
>CHSTD_HUMAN,250,0,250,0
10.2567121848739,3,2,8,1.47,
9.90546218487395,2,2,8,1.225,
9.68557072829132,3,3,8,1.225,
>CHSTE_HUMAN,250,0,250,0
6.69061624648345,3,3,37,0,
6.67394957801437,2,3,37,0,
6.4940884687207,4,3,37,0,
>CHSTE_MOUSE,250,0,250,0
7.09411764503255,2,3,37,0,
6.69411764704194,3,3,37,0,
6.68235293509765,2,2,37,0,
>CHSTF_HUMAN,305,0,305,0
7.49336111111111,4,2,80,1.02,
7.32493697462545,2,5,78,0.874285714285714,
7.32468487312725,2,4,78,1.02,
,,,,,G,N,E,N,W,G,G,F,L,R,F,K,K,G,K,R,C,S,L,V,F,G,L,I,I,M,T,L,V,M,A,S,Y,I,L,S,G,A,H,Q,E,L,L,I,S,S,P,F,H,Y,G,G,F,
>CHSTF_MOUSE,305,0,305,0
7.49348739495737,4,2,80,1.02,
7.31680672272828,2,5,78,0.874285714285714,
7.28403361364142,2,4,78,1.02,
,,,,,G,N,E,N,W,G,G,F,L,R,F,R,K,G,K,R,C,S,L,V,F,G,L,I,I,M,T,L,V,M,A,S,Y,I,L,S,G,A,H,Q,E,L,L,I,S,S,P,F,H,Y,G,G,F,
>CHSTF_RAT,305,0,305,0
7.49348739495798,4,2,80,1.02,
7.31680672268908,2,5,78,0.874285714285714,
7.28403361344538,2,4,78,1.02,
,,,,,G,N,E,N,W,G,G,F,L,R,F,R,K,G,K,R,C,S,L,V,F,G,L,I,I,M,T,L,V,M,A,S,Y,I,L,S,G,A,H,Q,E,L,L,I,S,S,P,F,H,Y,G,G,F,
>CLC4D_HUMAN,305,0,0,0
8.21512605042017,2,2,16,0.3125,
8.1772093837535,3,2,16,0.54,
7.00842118930906,4,2,16,0.45,
>CLC4D_MOUSE,305,0,0,0
9.02434086134462,4,2,16,0.858333333333333,
8.58757002802152,3,2,16,0.54,
8.52436950717787,5,2,16,0.735714285714286,
>CLC4D_RAT,305,0,0,0
7.49999999868697,2,2,17,1.225,
6.87394960390406,5,2,20,1.69,
6.63333333331145,2,5,17,1.69,
,,,,,L,E,E,S,Q,M,K,S,K,G,A,L,H,P,R,R,I,P,W,V,C,A,V,V,S,I,S,F,L,S,A,C,F,I,S,T,C,V,V,T,H,Y,F,L,L,W,K,R,G,S,A,L,K,F,
>CLC4E_HUMAN,305,0,0,0
6.24803921650894,2,3,19,0.25,
6.22394958003253,2,2,20,0.3125,
5.64415032680424,3,3,19,0.208333333333333,
,,,,,K,S,S,E,T,Q,C,T,E,R,G,C,F,S,S,Q,M,F,L,W,T,V,A,G,I,P,I,L,F,L,S,A,C,F,I,T,R,C,V,V,T,F,R,I,F,Q,T,C,D,E,K,K,
>CLC4E_MOUSE,305,0,0,0
7.74266870915066,4,2,20,0.82,
7.42024509807918,3,2,20,0.25,
7.27941176950207,2,2,20,0.3125,
>CLC4E_RAT,305,0,0,0
7.41764705883606,3,2,20,0.25,
6.96764706032702,2,2,20,0.3125,
6.60588235294535,3,3,20,0.208333333333333,
>CLC4K_HUMAN,269,0,0,0
6.78907562285215,2,2,32,0,
6.34522408963585,3,2,44,0.49,
6.25574229691877,2,3,43,0.49,
,,,,,N,I,S,L,W,P,R,E,P,P,P,K,S,G,P,S,L,V,P,G,K,T,P,T,V,R,A,A,L,I,C,L,T,L,V,L,V,A,S,V,L,L,Q,A,V,L,Y,P,R,F,M,G,T,I,S,D,V,K,T,N,V,Q,L,
>CLC9A_HUMAN,269,0,0,0
7.24831932899549,2,2,21,1.23,
6.7161064429985,2,3,21,0.984,
5.62902661074962,2,4,21,0.82,
>CLC9A_MOUSE,269,0,0,0
5.74789914710907,2,2,33,1.7325,
5.5238658842009,5,2,33,0.99,
5.35736461251149,4,3,32,0.99,
,,,,,E,A,S,Q,K,C,Q,S,P,S,K,C,S,G,A,W,C,V,V,T,M,I,S,C,V,V,C,M,G,L,L,A,T,S,I,F,L,G,I,K,F,F,Q,V,S,S,L,V,L,E,Q,Q,
>CLN5_BOVIN,250,0,0,0
8.26666666666667,2,3,301,0.988,
7.83138888888889,3,3,301,0.823333333333333,
7.69416666666667,3,2,301,0.988,
>CLN5_CANLF,250,0,0,0
8.15798319380144,2,3,294,0.988,
7.85381652661501,3,3,294,0.823333333333333,
7.76144957984503,3,2,294,0.988,
>CLN5_HUMAN,269,0,0,0
5.58314425774205,2,5,14,0.7,
5.31572128871027,2,4,14,0.816666666666667,
4.96288515484106,2,3,14,0.98,
>CLN5_SHEEP,250,0,0,0
8.57983193126286,2,3,304,0.988,
7.93949579378858,2,2,304,1.235,
7.83399859942719,3,3,304,0.823333333333333,
>COHA1_BOVIN,269,0,0,0
7.54666666666667,3,2,473,3.506,
7.31205555555556,4,2,473,4.07666666666667,
7.1421837962963,5,2,473,3.49428571428571,
>COL12_HUMAN,269,0,0,0
7.23568277310215,3,2,38,0.734,
7.10078314658961,3,3,38,0.611666666666667,
6.76386554903501,2,2,33,1.7325,
,,,,,F,G,I,Q,E,G,T,Q,C,T,K,C,K,N,N,W,A,L,K,F,S,I,I,L,L,Y,I,L,C,A,L,L,T,I,T,V,A,I,L,G,Y,K,V,V,E,K,M,D,N,V,T,G,G,M,E,T,
>CP4Z1_HUMAN,269,0,0,269
7.05974789921846,2,5,12,0.207142857142857,
6.9987394960923,2,4,12,0.241666666666667,
6.95828081233013,3,2,13,0.29,
,,,,,X,X,X,X,E,P,S,W,L,Q,E,L,M,A,H,P,F,L,L,L,I,L,L,C,M,S,L,L,L,F,Q,V,I,R,L,Y,Q,R,R,R,W,M,I,R,A,L,H,L,F,P,A,P,
>CR3L1_MOUSE,269,0,0,269
6.31478819444444,4,2,373,0.208333333333333,
6.18991490162037,5,2,373,0.178571428571429,
5.72159606481481,4,3,373,0.178571428571429,
>CR3L2_PONAB,250,0,0,250
6.5568998307651,4,2,377,0.208333333333333,
6.43193249858971,5,2,377,0.178571428571429,
5.82797969181215,3,2,377,0,
>CR3L2_RAT,250,0,0,250
6.55693277310908,4,2,377,0.208333333333333,
6.43193277310924,5,2,377,0.178571428571429,
5.83193277309018,3,2,377,0,
>CR3L3_BOVIN,250,0,0,250
6.9500625,4,2,316,0.208333333333333,
6.32520885416667,5,2,316,0.178571428571429,
6.2075,3,2,316,0,
>CR3L3_HUMAN,269,0,0,269
6.75856194561113,4,2,321,0.208333333333333,
6.13361301621343,5,2,321,0.178571428571429,
6.02743347333542,3,2,321,0,
>CR3L3_MOUSE,250,0,0,250
6.25002970354901,4,2,317,0.241666666666667,
5.76520858086291,5,2,317,0.207142857142857,
5.43334323451634,4,3,317,0.207142857142857,
>CR3L3_RAT,250,0,0,250
6.25021008403274,4,2,317,0.241666666666667,
6.17521007150719,2,2,317,0,
5.76521008403361,5,2,317,0.207142857142857,
>CR3L4_HUMAN,305,0,305,1
7.21646863742025,5,2,296,0.178571428571429,
7.16514320728368,4,2,295,0.208333333333333,
6.99882287914008,5,3,296,0.15625,
,,,,,Q,T,L,I,A,Q,T,S,N,K,A,A,Q,T,S,T,C,V,L,I,L,L,F,S,L,A,L,I,I,L,P,S,F,S,P,F,Q,S,R,P,E,A,G,S,E,D,Y,Q,P,H,G,V,
>CR3L4_MACFA,250,0,0,250
7.21647058823528,5,2,296,0.178571428571429,
7.16533613445285,4,2,295,0.208333333333333,
6.99882352941176,5,3,296,0.15625,
,,,,,Q,T,L,I,A,Q,T,S,N,K,A,A,Q,T,S,T,C,V,L,I,L,L,F,S,L,A,L,I,I,L,P,S,F,S,P,F,Q,G,R,P,E,A,G,P,E,D,Y,Q,P,H,G,V,
>CR3L4_MOUSE,269,0,0,269
7.21646909722222,5,2,272,0.178571428571429,
7.16517013888889,4,2,271,0.208333333333333,
6.99882303240741,5,3,272,0.15625,
,,,,,Q,K,L,T,A,Q,T,S,S,R,A,A,Q,T,S,T,C,V,L,I,L,L,F,S,L,A,L,I,I,L,P,S,F,S,P,F,Q,G,Q,S,E,A,R,P,E,D,Y,Q,L,H,G,V,
>CR3L4_RAT,250,0,0,250
7.216469349858,5,2,268,0.178571428571429,
7.16513360760989,4,2,267,0.208333333333333,
6.99882311661933,5,3,268,0.15625,
,,,,,Q,K,F,T,A,Q,T,S,S,R,A,A,Q,T,S,T,C,V,L,I,L,L,F,S,L,A,L,I,I,L,P,S,F,S,P,F,Q,S,Q,P,E,A,R,S,E,G,Y,Q,L,H,G,V,
>CREB3_BOVIN,250,0,250,250
6.65613298611111,5,2,232,0,
6.48595833333333,4,2,232,0,
6.44958333333333,3,2,231,0,
,,,,,Q,A,M,V,I,Q,T,A,N,K,A,S,S,S,S,T,C,V,L,V,L,L,F,S,F,C,L,L,L,V,P,A,M,Y,S,S,D,T,R,G,S,L,P,A,E,H,R,V,L,S,R,Q,
>CREB3_HUMAN,269,0,269,269
6.84773020298397,5,2,229,0,
6.67762435807622,4,2,229,0,
6.64435574227993,3,2,228,0,
,,,,,Q,A,M,V,I,E,I,S,N,K,T,S,S,S,S,T,C,I,L,V,L,L,V,S,F,C,L,L,L,V,P,A,M,Y,S,S,D,T,R,G,S,L,P,A,E,H,G,V,L,S,R,Q,
>CREB3_MOUSE,250,0,250,250
6.616469349858,5,2,264,0,
6.42632198295949,4,2,264,0,
6.31186624649487,3,2,263,0,
,,,,,Q,A,M,V,I,E,I,A,N,K,T,S,S,G,S,T,C,V,L,V,L,V,F,S,F,C,L,L,L,V,P,A,M,Y,S,S,D,A,R,G,S,V,P,A,E,Y,V,V,L,H,R,K,
>DHI1_CAVPO,269,0,0,269
8.72917717085935,3,2,6,2.48,
7.231947945842,3,3,6,2.06666666666667,
7.03496536531272,4,2,6,2.06666666666667,
>DHI1_HUMAN,269,0,0,269
6.51666666666667,2,3,146,1.012,
6.01092320601852,5,2,146,0.722857142857143,
5.93697440200617,5,3,146,0.6325,
>DHI1_MESAU,269,0,0,269
7.26092436005015,2,2,146,1.265,
6.55364145335005,2,3,146,1.012,
5.74681022404675,3,2,142,0.254,
,,,,,F,F,R,D,E,I,H,A,L,R,K,A,M,E,V,N,F,I,S,Y,V,V,M,S,V,A,A,L,P,M,L,K,Q,S,N,G,S,I,V,V,V,S,S,I,A,G,K,M,A,H,P,L,V,A,S,
>DHI1_RABIT,269,0,0,269
7.09761904804997,2,3,146,1.012,
6.99285714414991,2,2,146,1.265,
6.0109242146164,5,2,146,0.722857142857143,
>DIK1A_HUMAN,250,0,0,250
6.54993952303181,4,3,27,1.59714285714286,
6.39215686462683,2,3,32,1.386,
6.34981856909544,4,2,27,1.86333333333333,
,,,,,K,P,Y,Y,L,Q,A,R,F,S,Y,V,R,M,K,Y,L,F,F,S,W,L,V,V,F,V,G,S,W,I,I,Y,V,Q,Y,S,T,Y,T,E,L,C,R,G,K,D,C,K,K,I,I,C,D,K,Y,K,
>DIK1A_MOUSE,269,0,0,269
7.30042015830667,2,2,32,1.7325,
7.19999999580021,2,3,27,1.746,
6.15420167985889,2,4,32,1.155,
,,,,,K,P,H,Y,L,Q,A,R,L,S,Y,M,R,V,K,Y,L,F,F,S,W,L,V,V,F,V,G,S,W,I,I,Y,V,Q,Y,S,T,Y,T,E,L,C,R,G,K,D,C,K,K,I,I,C,D,K,Y,K,
>DIK1B_HUMAN,250,0,0,250
7.0996568627451,3,2,29,0.98,
6.69988562091503,3,3,29,0.816666666666667,
6.32605042016807,2,3,30,0.49,
,,,,,P,F,S,K,R,L,Q,G,R,L,P,G,L,R,V,R,C,I,F,L,A,W,L,G,V,F,A,G,S,W,L,V,Y,V,H,Y,S,S,Y,S,E,R,C,R,G,H,V,C,Q,V,V,I,
>DIK1B_MOUSE,269,0,0,269
8.41974789846668,2,3,30,1.746,
8.25924369540004,2,2,30,2.1825,
8.05493697461667,2,4,30,1.455,
>DIK1C_HUMAN,250,0,0,250
7.48241596638656,3,2,23,0.49,
7.13013124416433,4,2,23,0.408333333333333,
6.87191643323996,3,3,23,0.408333333333333,
>DIK1C_MOUSE,269,0,0,269
7.79267156862223,3,3,19,0.816666666666667,
7.71134803920002,3,2,19,0.98,
7.62554578737745,5,3,19,1.785,
>DOPO_BOVIN,305,0,0,0
6.12689074989747,2,2,9,0.93,
5.66423669467161,3,2,16,1.012,
5.64229691663249,2,3,9,0.744,
,,,,,X,X,X,X,X,X,X,Q,V,P,S,P,S,V,R,E,A,A,S,M,Y,G,T,A,V,A,V,F,L,V,I,L,V,A,A,L,Q,G,S,A,P,A,E,S,P,F,P,F,H,I,P,L,D,P,E,G,T,L,
>DOPO_CANLF,250,0,0,0
6.29999999916518,2,2,9,0.93,
5.69999999972172,2,3,9,0.744,
5.68571428561071,3,2,16,1.012,
,,,,,X,X,X,X,X,X,X,Q,V,P,S,P,S,A,R,E,A,A,S,M,Y,G,T,A,V,A,V,F,L,V,L,L,V,A,V,L,Q,G,L,A,P,P,E,S,P,L,P,Y,R,I,P,L,D,P,K,G,D,L,
>DOPO_HORSE,250,0,0,0
6.3,2,2,9,0.93,
5.72321428571429,3,2,16,1.012,
5.7,2,3,9,0.744,
,,,,,X,X,X,X,X,X,X,K,V,P,S,P,S,V,R,E,A,A,S,M,Y,G,T,A,V,A,I,F,L,V,I,L,V,A,A,L,Q,G,S,E,P,P,E,S,P,F,P,Y,R,I,P,L,D,P,E,G,T,L,
>DOPO_HUMAN,305,0,0,0
7.72352941158234,2,2,16,0.93,
7.37450980386078,2,3,16,0.744,
6.91862745096519,2,4,16,0.62,
>DOPO_MOUSE,305,0,0,0
6.06512606086156,2,2,20,0.93,
5.7277521007591,3,2,27,1.012,
5.62170868695385,2,3,20,0.744,
,,,,,S,H,Q,P,C,W,S,S,L,P,S,P,S,V,R,E,A,A,S,M,Y,G,T,A,V,A,I,F,L,V,I,L,V,A,A,L,R,G,S,E,P,P,E,S,P,F,P,Y,H,I,P,L,D,P,E,G,I,L,
>DOPO_RAT,250,0,0,0
5.89705882339365,2,2,19,0.93,
5.71914915970841,3,2,26,1.012,
5.56642156861614,2,4,19,0.62,
,,,,,L,S,H,Q,P,C,W,S,L,P,S,P,S,V,R,E,A,A,S,M,Y,G,T,A,V,A,I,F,L,V,I,L,V,A,A,L,Q,G,S,E,P,P,E,S,P,F,P,Y,H,I,P,L,D,P,E,G,T,L,
>DRS7B_BOVIN,250,0,0,250
6.61904411765267,3,2,13,0.98,
6.04778282563016,4,2,22,0,
5.66724089636301,3,3,21,0,
,,,,,X,X,X,V,S,A,A,T,R,K,S,L,L,R,A,R,V,M,D,F,I,T,S,T,A,I,L,P,L,L,L,G,C,V,G,L,F,S,L,F,K,L,L,Q,W,L,R,M,R,A,Y,V,R,N,A,V,V,V,I,T,
>DRS7B_HUMAN,250,0,0,250
6.0478991596633,4,2,22,0,
5.84789915959654,3,2,22,0,
5.68865545943725,2,3,21,0,
,,,,,R,K,S,L,P,K,V,K,A,M,D,F,I,T,S,T,A,I,L,P,L,L,F,G,C,L,G,V,F,G,L,F,R,L,L,Q,W,V,R,G,K,A,Y,L,R,N,A,V,V,V,I,T,
>DRS7B_MOUSE,250,0,0,250
8.05082633054559,3,2,13,1.478,
7.89915966547035,2,2,13,0.93,
7.37289915966387,4,2,22,0.208333333333333,
,,,,,X,X,X,I,S,P,S,F,R,K,G,M,L,K,E,R,V,M,D,L,A,S,Q,T,T,I,L,P,L,L,F,G,C,L,G,I,F,S,L,F,R,L,L,Q,R,I,R,S,K,A,Y,L,R,N,A,V,V,V,V,T,
>DRS7B_RAT,269,0,0,269
7.5812324929972,3,2,22,0.25,
7.34789915966387,4,2,22,0.208333333333333,
6.88571428481462,2,2,13,0.93,
,,,,,X,X,X,I,S,P,S,S,R,K,G,M,L,K,E,R,A,M,D,L,V,T,Q,T,T,I,L,P,L,L,F,G,C,L,G,I,F,S,L,F,R,L,L,Q,R,T,R,S,K,A,Y,L,R,N,A,V,V,V,V,T,
>ECE2_BOVIN,305,0,269,0
7.58124749066293,4,2,50,0.816666666666667,
7.28890738203846,5,3,59,0.49625,
7.22672214611539,5,2,59,0.567142857142857,
,,,,,A,S,P,D,A,V,E,A,G,F,R,K,R,T,S,R,L,L,G,L,H,T,Q,L,E,L,V,L,A,G,V,S,L,L,L,A,A,L,L,L,G,C,L,V,A,L,G,V,Q,Y,H,R,D,P,S,H,S,T,C,L,
>ECE2_HUMAN,305,0,250,0
7.54890755962107,5,3,105,0.62125,
7.48672267886321,5,2,105,0.71,
6.93552521005424,3,3,105,0.42,
>ECE2_MOUSE,305,0,250,0
8.45630251718685,2,2,50,0.925,
7.55210083906228,2,3,50,0.74,
7.28890756302521,5,3,59,0.49625,
,,,,,A,T,R,D,S,L,E,V,G,F,Q,K,R,T,R,Q,L,F,G,S,H,T,Q,L,E,L,V,L,A,G,L,I,L,V,L,A,A,L,L,L,G,C,L,V,A,L,W,V,H,R,D,P,A,H,S,T,C,V,T,E,
>EDEM1_HUMAN,269,0,0,269
7.75398692810052,3,3,3,1.77166666666667,
7.7277577614378,4,2,4,1.77166666666667,
7.69258592047927,4,3,4,1.51857142857143,
,,,,,X,X,X,X,X,X,X,X,X,X,X,X,X,Q,W,R,A,L,V,L,G,L,V,L,L,R,L,G,L,H,G,V,L,W,L,V,F,G,L,G,P,S,M,G,F,Y,Q,R,F,P,L,S,
>EDEM1_MOUSE,305,0,0,250
7.75994397756231,3,3,3,1.77166666666667,
7.7279411764697,4,2,4,1.77166666666667,
7.69264705882324,4,3,4,1.51857142857143,
,,,,,X,X,X,X,X,X,X,X,X,X,X,X,X,Q,W,R,A,L,V,L,G,L,V,L,L,R,L,G,L,H,A,V,L,W,L,V,F,G,L,G,P,S,M,G,F,Y,Q,R,F,P,L,S,
>EFCE2_BOVIN,305,0,269,0
7.58122222222222,4,2,168,0.816666666666667,
7.28890721450617,5,3,177,0.49625,
7.22672164351852,5,2,177,0.567142857142857,
,,,,,V,D,Q,V,L,N,E,A,G,F,R,K,R,T,S,R,L,L,G,L,H,T,Q,L,E,L,V,L,A,G,V,S,L,L,L,A,A,L,L,L,G,C,L,V,A,L,G,V,Q,Y,H,R,D,P,S,H,S,T,C,L,
>EFCE2_MOUSE,250,0,250,0
8.4563025154321,2,2,168,0.925,
7.55210083847737,2,3,168,0.74,
7.28890756302521,5,3,177,0.49625,
,,,,,V,D,Q,V,L,S,E,V,G,F,Q,K,R,T,R,Q,L,F,G,S,H,T,Q,L,E,L,V,L,A,G,L,I,L,V,L,A,A,L,L,L,G,C,L,V,A,L,W,V,H,R,D,P,A,H,S,T,C,V,T,E,
>ERAP1_HUMAN,305,0,0,305
5.79831932773109,2,2,7,2.65,
5.51454481792717,3,2,8,2.12,
5.1327731092437,2,3,7,2.12,
,,,,,X,X,X,X,X,X,X,X,X,V,F,L,P,L,K,W,S,L,A,T,M,S,F,L,L,S,S,L,L,A,L,L,T,V,S,T,P,S,W,C,Q,S,T,E,A,S,P,K,R,S,D,G,
>ERAP1_MOUSE,250,0,0,250
4.85041666666667,3,3,748,0,
4.75,2,2,737,2.195,
4.53983174189815,5,3,750,0,
,,,,,L,A,C,V,R,N,Y,Q,P,C,V,Q,R,A,E,R,Y,F,R,E,W,K,S,S,N,G,N,M,S,I,P,I,D,V,T,L,A,V,F,A,V,G,A,Q,N,T,E,G,W,D,F,L,Y,S,K,Y,Q,S,S,L,S,S,T,E,
>ERAP1_RAT,250,0,0,250
6.43528011207759,3,2,2,0,
5.23361344931115,2,2,2,0,
4.94509337069253,3,3,2,0,
>ERAP2_BOVIN,250,0,0,250
9.42717087069984,2,3,6,1.224,
8.78151261209953,2,2,6,1.53,
7.72991532494943,5,2,6,0.874285714285714,
>ERAP2_HUMAN,269,0,0,269
6.34453781368132,2,2,13,0.9175,
6.11578781511401,3,2,13,1.224,
6.07568712068151,4,2,13,1.26166666666667,
>ERAP2_PONAB,250,0,0,250
6.14621829287271,5,2,22,1.45428571428571,
5.87563025210111,4,2,13,1.26166666666667,
5.84229691880042,3,2,13,1.224,
,,,,,X,X,X,L,H,S,S,A,M,V,N,S,H,R,K,S,M,F,N,I,H,K,G,F,Y,C,L,A,A,I,L,P,Q,I,C,I,C,S,Q,F,S,V,P,S,S,Y,H,F,S,E,D,P,G,A,F,P,V,A,T,N,
>ERLN1_HUMAN,269,0,0,269
8.15258986928105,3,3,6,0.616666666666667,
8.1244362745098,3,2,6,0.74,
7.81904936002179,4,3,6,0.528571428571429,
>ERLN1_MOUSE,250,0,0,250
7.94245098035264,3,3,6,0.616666666666667,
7.89401960772458,3,2,6,0.74,
7.60063153594738,4,3,6,0.528571428571429,
>ERLN2_BOVIN,250,0,0,250
5.89257811041085,4,2,5,0.208333333333333,
5.61764648425342,5,2,5,0.178571428571429,
5.11288632119587,3,3,4,0.208333333333333,
,,,,,X,X,X,X,X,X,X,X,X,X,X,X,A,Q,L,G,A,V,V,A,V,A,A,S,F,F,C,A,S,L,F,S,A,V,H,K,I,E,E,G,H,I,G,V,Y,Y,R,G,G,A,L,L,
>ERLN2_HUMAN,269,0,0,269
5.8926470588232,4,2,5,0.208333333333333,
5.61764705882353,5,2,5,0.178571428571429,
5.61764705403545,2,2,5,0,
>ERLN2_MOUSE,250,0,0,250
5.89264705882353,4,2,5,0.208333333333333,
5.61764705882353,2,2,5,0,
5.61764705882353,5,2,5,0.178571428571429,
>EXT1_BOVIN,250,0,250,250
8.97140228174603,4,2,6,2.475,
8.95713409391534,4,3,6,2.12142857142857,
8.80160714285714,3,2,6,2.236,
>EXT2_BOVIN,250,0,250,250
7.24621848577394,2,2,22,2.24,
6.24080182071478,3,2,22,2.526,
5.89135154048116,2,4,22,2.33666666666667,
>EXT2_HUMAN,269,0,269,269
6.23221288519548,3,2,22,2.526,
6.21554622345784,2,2,22,2.24,
5.82212885154407,3,4,22,2.52714285714286,
>EXT2_MOUSE,269,0,269,250
6.2155462184874,2,2,22,2.24,
6.19471288515406,3,2,22,2.526,
5.74400385154062,3,4,22,2.52714285714286,
>EXTL1_HUMAN,250,0,0,250
7.44243697069076,2,2,7,1.53,
6.86436967260284,5,3,8,2.24375,
6.80551683590074,4,2,7,1.83666666666667,
,,,,,X,X,X,X,X,X,X,X,X,Q,S,W,R,R,R,K,S,L,W,L,A,L,S,A,S,W,L,L,L,V,L,L,G,G,F,S,L,L,R,L,A,L,P,P,R,P,R,P,G,A,S,Q,
>EXTL1_MOUSE,250,0,0,250
6.19390610994399,4,5,6,1.72222222222222,
6.10312219887975,4,3,6,2.21428571428571,
6.10263305332414,3,2,5,1.714,
,,,,,X,X,X,X,X,X,X,X,X,X,X,L,W,R,R,K,S,F,W,L,A,L,S,A,F,W,L,L,L,V,L,L,G,V,F,P,L,R,L,A,V,L,P,G,P,L,P,G,R,S,Q,G,
>EXTL2_HUMAN,250,0,0,250
7.10320728291438,3,2,21,0.49,
6.76773576097146,3,3,21,0.408333333333333,
6.29713387021477,4,2,22,0.408333333333333,
,,,,,C,K,L,P,G,R,V,M,G,I,R,V,L,R,L,S,L,V,V,I,L,V,L,L,L,V,A,G,A,L,T,A,L,L,P,S,V,K,E,D,K,M,L,M,L,R,R,E,I,K,S,Q,
>EXTL2_MOUSE,250,0,0,250
7.45810224081821,3,2,22,0.49,
7.10825630249496,3,3,22,0.408333333333333,
6.57706407562374,3,4,22,0.35,
>EXTL3_HUMAN,269,0,269,269
6.57773108612311,2,2,25,1.225,
6.12591036204104,2,3,25,0.98,
5.30647759051026,2,4,25,0.816666666666667,
>EXTL3_MOUSE,250,0,250,250
5.49058821122199,5,2,36,0,
5.37731092797989,2,3,25,0.98,
5.33691876745748,3,2,34,0,
,,,,,G,V,G,N,G,G,Q,T,C,M,L,R,W,S,N,R,I,R,L,T,W,L,S,F,T,L,F,I,I,L,V,F,F,P,L,I,A,H,Y,Y,L,T,T,L,D,E,A,D,E,A,G,K,R,I,F,G,P,R,A,G,S,E,
>FICD_CRIGR,250,0,0,250
6.42023459383753,3,2,19,1.876,
6.03297729925306,4,3,13,1.69571428571429,
5.87310924402979,2,3,13,2.12,
,,,,,X,X,X,P,M,A,S,V,I,A,V,A,E,P,K,W,I,S,V,W,G,R,F,L,W,L,T,L,L,S,M,A,L,G,S,L,L,A,L,L,L,P,L,G,A,V,E,E,Q,C,L,A,V,L,R,S,F,
>FICD_HUMAN,305,0,0,269
7.28907561854835,2,2,22,0.6125,
6.62032563015457,3,2,22,1.876,
6.09635853951611,2,3,22,1.876,
>FICD_MOUSE,250,0,0,250
7.00294117688597,2,2,22,0.6125,
6.44877450980738,3,2,22,1.876,
5.86764705896199,2,3,22,1.876,
>FICD_RAT,250,0,0,250
6.96512605060253,2,2,22,0.6125,
6.19845938375502,3,2,22,1.876,
5.85504201686751,2,3,22,1.876,
>FKTN_HUMAN,305,0,269,0
10.0938900561075,3,2,6,0.734,
9.85351890759139,3,3,6,0.611666666666667,
8.92226891096717,2,3,6,0.734,
>FKTN_MOUSE,305,0,269,305
10.1857142711555,2,2,6,0.9175,
10.1190476189263,3,2,6,0.734,
9.9285714237185,2,3,6,0.734,
>FUT10_BOVIN,250,0,250,0
8.77586204481793,4,2,7,1.22833333333333,
8.63677871148459,3,2,7,1.224,
8.16344537815126,2,2,7,0.9175,
>FUT10_CANLF,250,0,250,0
10.200840337642,2,2,7,1.225,
9.75084033614702,3,2,7,1.47,
9.53361344588067,2,3,7,0.98,
>FUT10_HUMAN,269,0,269,0
9.54705882354765,3,2,7,1.714,
9.44705882571779,2,2,7,1.53,
9.34705882352956,4,2,7,1.63666666666667,
>FUT10_MOUSE,250,0,250,0
9.54705882352941,3,2,7,1.714,
9.44705882352941,2,2,7,1.53,
9.34705882352941,4,2,7,1.63666666666667,
>FUT10_RAT,250,0,250,0
9.44705882352941,2,2,7,1.53,
9.09372549019608,3,2,7,1.714,
8.4149477124183,4,2,7,1.42833333333333,
>FUT11_HUMAN,250,0,250,0
7.3017892157035,3,2,6,0.49,
7.28807046568642,4,2,6,0.408333333333333,
6.85615196079006,3,3,6,0.408333333333333,
>FUT11_MOUSE,250,0,250,0
7.68823528267123,2,2,6,0.3175,
7.22941176089041,2,3,6,0.254,
6.84134487044817,5,2,7,0.531428571428571,
,,,,,X,X,X,X,X,X,X,X,X,X,A,A,R,C,T,E,A,V,L,A,A,L,G,V,L,S,V,C,S,A,S,S,S,G,S,E,A,S,G,E,A,E,R,E,E,P,W,D,G,A,V,F,
>FUT11_RAT,250,0,250,0
7.60134453781513,5,2,7,1.25428571428571,
7.35042016806732,4,3,6,1.25428571428571,
7.25126050420196,4,2,6,1.46333333333333,
,,,,,X,X,X,X,X,X,X,X,X,X,A,A,R,Y,T,E,A,V,L,A,A,L,G,V,L,S,V,C,S,A,S,S,S,S,G,S,G,A,S,G,K,A,G,G,E,A,E,W,A,E,P,W,
>FUT1_ALOBE,250,0,250,0
8.96134453781513,2,2,7,0.975,
8.92044817927171,2,3,7,0.78,
8.68142040149393,3,3,7,0.891666666666667,
>FUT1_AOTAZ,250,0,250,0
8.89789915977261,2,3,7,0.78,
8.89369747931783,2,2,7,0.975,
8.68123249299811,3,3,7,0.891666666666667,
>FUT1_ATEBE,250,0,250,0
8.89789915966387,2,3,7,0.78,
8.8936974789916,2,2,7,0.975,
8.6812324929972,3,3,7,0.891666666666667,
>FUT1_BOVIN,250,0,250,0
8.5811974789916,3,2,7,0.87,
8.36039915966387,3,3,7,0.725,
8.24789915966387,2,3,7,0.58,
>FUT1_GORGO,250,0,250,0
9.3840336118041,2,2,7,0.925,
7.67320028009837,3,2,7,1.03,
6.92783222455638,4,2,7,0.858333333333333,
>FUT1_LEOCY,250,0,250,0
8.67813258638739,3,3,7,0.891666666666667,
8.6677310924955,3,2,7,1.07,
8.52591036648668,2,3,7,0.78,
>FUT1_MOUSE,305,0,305,0
9.21456582631558,3,3,7,1.025,
9.21036414561341,3,2,7,1.23,
9.04789915786994,2,3,7,0.74,
>FUT1_PIG,250,0,250,0
9.01039915966387,3,3,7,1.05833333333333,
8.89789915966387,2,3,7,0.78,
8.8936974789916,2,2,7,0.975,
>FUT1_PLEBR,250,0,250,0
8.79285714336371,2,3,7,0.78,
8.68035714286136,3,3,7,0.891666666666667,
8.67440476191743,3,2,7,1.07,
>FUT1_RABIT,250,0,250,0
9.21456582632631,3,3,7,1.025,
9.2103641456456,3,2,7,1.23,
9.0478991591573,2,3,7,0.74,
>FUT1_RAT,250,0,250,0
9.01456582633053,3,3,7,1.22833333333333,
9.01036414565826,3,2,7,1.474,
8.74789915966387,2,3,7,0.984,
>FUT1_SAIBB,250,0,250,0
8.89789915966387,2,3,7,0.78,
8.8936974789916,2,2,7,0.975,
8.6812324929972,3,3,7,0.891666666666667,
>FUT1_SAPAP,250,0,250,0
8.89789915966387,2,3,7,0.78,
8.8936974789916,2,2,7,0.975,
8.6812324929972,3,3,7,0.891666666666667,
>FUT2_BOVIN,250,0,250,0
5.88053221288515,2,3,5,0.25,
5.84513305322129,2,4,5,0.208333333333333,
5.81150443510738,3,3,5,0.208333333333333,
>FUT2_GORGO,250,0,250,0
6.70798319327731,2,2,13,0.3625,
6.40266106442577,2,3,13,0.29,
6.22458388772176,4,2,13,0.241666666666667,
>FUT2_HYLLA,250,0,250,0
6.68907562809615,2,2,14,0.3625,
6.38319327740481,2,3,13,0.29,
6.22457983193279,4,2,13,0.241666666666667,
,,,,,X,X,X,L,V,V,Q,M,P,F,S,F,P,M,A,H,F,I,L,F,V,F,T,V,S,T,I,F,H,V,Q,Q,R,L,A,K,I,Q,A,M,W,E,L,P,V,Q,I,P,V,L,A,S,
>FUT2_MOUSE,250,0,250,0
6.6890756302521,2,2,14,0.3625,
6.26652661064426,2,3,13,0.29,
6.02240896358543,3,2,14,0.29,
,,,,,X,X,X,A,S,A,Q,V,P,F,S,F,P,L,A,H,F,L,I,F,V,F,V,T,S,T,I,I,H,L,Q,Q,R,I,V,K,L,Q,T,L,S,E,K,E,L,Q,A,V,Q,M,S,S,
>FUT2_PIG,250,0,250,0
7.02457962768441,4,2,13,0,
6.94663865547637,2,2,13,0,
6.84955532212897,3,2,13,0,
>FUT2_PONPY,250,0,250,0
6.6890756302521,2,2,14,0.3625,
6.3831932773062,2,3,13,0.29,
6.02240896358543,3,2,14,0.29,
,,,,,X,X,X,L,V,V,Q,M,P,F,S,F,P,V,A,H,F,I,L,F,V,F,T,V,S,T,I,F,H,I,Q,Q,R,L,A,K,I,Q,A,M,W,E,L,P,E,Q,I,P,V,L,A,S,
>FUT2_RAT,250,0,250,0
5.29915966386555,2,2,13,0.3625,
5.29915966386555,2,3,13,0.29,
5.29915966386555,2,4,13,0.241666666666667,
>FUT3_BOVIN,250,0,250,0
8.6890756302521,2,2,14,0.725,
6.59635854341737,2,3,14,0.58,
6.58574229691877,3,2,14,1.966,
>FUT3_HUMAN,269,0,1,0
8.64117647708852,2,2,14,1.225,
8.58039215902951,2,3,14,0.98,
8.16950980397574,3,2,14,2.366,
>FUT3_PANTR,250,0,250,0
9.37563024855891,2,2,14,1.225,
8.82521008285297,2,3,14,0.98,
8.17563025207133,3,2,14,2.366,
>FUT3_PONPY,250,0,250,0
9.37563025210084,2,2,14,1.225,
8.82521008403361,2,3,14,0.98,
8.17563025210084,3,2,14,2.366,
>FUT4_BOVIN,250,0,250,0
6.45546218487395,2,3,20,0.29,
6.37636554621849,2,4,20,0.241666666666667,
6.22285530462185,4,2,20,0.241666666666667,
>FUT4_PANTR,250,0,250,0
6.55291666666667,3,2,151,1.386,
6.52875,3,3,151,1.155,
6.16092436845514,2,2,146,0.6125,
,,,,,S,P,T,A,A,A,G,G,R,R,R,W,R,R,G,R,G,L,P,W,T,V,C,V,L,A,A,A,G,L,T,C,T,A,L,I,T,Y,A,C,W,G,Q,L,P,P,L,P,W,A,S,P,T,P,S,R,
>FUT5_GORGO,250,0,250,0
8.29509804177217,2,3,14,0.98,
7.8873774510443,3,2,14,2.366,
7.7852941253165,2,2,14,1.225,
>FUT5_HYLLA,250,0,250,0
9.09831932139899,2,2,14,1.225,
8.732773107133,2,3,14,0.98,
7.89831932767832,3,2,14,2.366,
>FUT5_PANTR,250,0,250,0
9.09831932773109,2,2,14,1.225,
8.7327731092437,2,3,14,0.98,
7.89831932773109,3,2,14,2.366,
>FUT5_PONPY,250,0,250,0
9.09831932773109,2,2,14,1.225,
8.7327731092437,2,3,14,0.98,
8.17331932773109,3,2,14,2.366,
>FUT6_GORGO,250,0,250,0
5.89075630252101,2,3,18,0,
5.8756302507635,2,2,14,0.6125,
5.55512597261127,5,3,13,1.32875,
,,,,,X,X,X,D,P,L,G,P,A,K,P,Q,W,S,C,R,C,C,L,T,T,L,L,F,Q,L,L,V,A,V,C,F,F,S,Y,L,R,V,S,R,D,D,P,T,V,Y,P,N,G,S,R,F,P,D,S,T,
>FUT6_PANTR,250,0,250,0
6.81512604977176,2,3,13,1.876,
6.24537814931528,2,2,13,2.345,
6.23512605042017,5,3,13,2.195,
>FUT6_PONPY,250,0,250,0
6.81512605042017,2,3,13,1.876,
6.31915961523498,5,3,13,2.195,
6.26512605042017,3,3,13,1.56333333333333,
>FUT8_BOVIN,250,0,250,0
7.62356792717087,3,2,9,3.262,
7.43567927170868,2,4,9,1.56333333333333,
7.34713585434174,2,5,9,1.34,
>FUT8_CANLF,250,0,250,0
8.24873948123144,2,2,9,2.345,
7.94957982707715,2,3,9,1.876,
7.68739495676929,2,4,9,1.56333333333333,
>FUT8_HUMAN,250,0,250,0
8.24873949579832,2,2,9,2.345,
7.94957983193277,2,3,9,1.876,
7.68739495798319,2,4,9,1.56333333333333,
>FUT8_MOUSE,250,0,250,0
8.24873949579832,2,2,9,2.345,
7.94957983193277,2,3,9,1.876,
7.68739495798319,2,4,9,1.56333333333333,
>FUT8_PIG,250,0,250,0
8.24873949579832,2,2,9,2.345,
7.94957983193277,2,3,9,1.876,
7.68739495798319,2,4,9,1.56333333333333,
>FUT9_BOVIN,250,0,250,0
8.56890756302521,2,3,10,0.49,
8.50672268907563,2,2,10,0.6125,
8.2547268907563,2,4,10,0.408333333333333,
>FUT9_CANLF,250,0,250,0
8.65168067156984,2,2,10,0.6125,
8.61722689052328,2,3,10,0.49,
8.26680672263082,2,4,10,0.408333333333333,
>G3ST1_BOVIN,305,0,305,0
8.16428571535559,2,2,14,0.9175,
8.08809523845186,2,3,14,0.734,
6.6844841269871,3,3,14,0.611666666666667,
>G3ST1_HUMAN,305,0,305,0
8.00042016849004,2,3,14,0.734,
7.90126050547013,2,2,14,0.9175,
6.68375350140408,3,3,14,0.611666666666667,
>G3ST1_MOUSE,305,0,305,0
7.80042016806723,2,3,14,0.734,
7.70126050420168,2,2,14,0.9175,
7.23193405695612,4,3,14,1.04857142857143,
>G3ST2_HUMAN,305,0,305,0
9.1294107215803,5,2,12,1.60142857142857,
8.80428658963587,4,2,12,1.66,
8.67647024052677,5,3,12,1.40125,
>G3ST2_MOUSE,305,0,305,0
6.6105880567389,5,3,9,0.64375,
6.35176417021669,5,2,9,0.735714285714286,
6.27056680866774,4,3,9,0.528571428571429,
>G3ST2_PIG,305,0,305,0
8.16176470141847,2,2,9,0.925,
6.85392156713949,2,3,9,2.126,
6.59269607835697,2,5,9,1.51857142857143,
>G3ST3_BOVIN,250,0,250,0
11.0023424370125,3,2,17,1.714,
10.5674474790042,3,3,17,1.42833333333333,
10.1391861869751,4,2,17,1.42833333333333,
>G3ST3_HUMAN,305,0,305,0
11.0135609243215,3,2,18,1.714,
10.8273109185807,2,2,18,1.53,
10.5711869747738,3,3,18,1.42833333333333,
>G3ST3_MOUSE,305,0,305,0
10.9142857138663,2,2,18,1.53,
10.5809523809489,3,2,18,1.514,
10.4714285712888,2,3,18,1.224,
>G3ST4_BOVIN,305,0,305,0
5.94500700280112,3,3,16,0.408333333333333,
5.92004201680672,2,5,16,0.35,
5.85084033613445,2,3,16,0.49,
>G3ST4_HUMAN,305,0,305,0
6.29873949363831,2,3,16,0.49,
5.99621848091494,2,2,16,0.6125,
5.94873949578032,3,3,16,0.408333333333333,
>GAK1B_HUMAN,305,0,305,0
10.3705882350935,2,2,36,0.6125,
9.92352941169784,2,3,36,0.49,
9.71769607843082,3,3,36,0.816666666666667,
>GAK1B_MOUSE,250,0,250,0
9.71456582634563,3,3,36,0.816666666666667,
9.54789916147535,2,3,36,0.49,
9.41036414570355,3,2,36,0.98,
>GAK1B_RAT,250,0,250,0
9.71456582633053,3,3,36,0.816666666666667,
9.54789915966387,2,3,36,0.49,
9.41036414565826,3,2,36,0.98,
>GALT1_BOVIN,250,0,250,0
7.55546217170925,2,2,2,1.53,
6.97281395891337,3,3,7,1.455,
6.91844187674011,3,2,7,1.746,
,,,,,X,X,X,X,X,X,X,X,X,X,X,X,X,X,R,K,F,A,Y,C,K,V,V,L,A,T,S,L,I,W,V,L,L,D,M,F,L,L,L,Y,F,S,E,C,N,K,C,D,E,K,K,E,R,G,L,P,
>GALT1_MOUSE,250,0,250,0
6.97731092434806,3,3,7,1.455,
6.93193277304418,3,2,7,1.746,
6.88487395281376,2,2,2,1.53,
,,,,,X,X,X,X,X,X,X,X,X,X,X,X,X,X,R,K,F,A,Y,C,K,V,V,L,A,T,S,L,V,W,V,L,L,D,M,F,L,L,L,Y,F,S,E,C,N,K,C,E,E,K,Q,E,R,G,L,P,
>GALT2_HUMAN,269,0,269,0
8.50957971319315,5,3,5,1.225,
8.50873913957944,5,2,5,1.4,
8.32456558317772,4,3,5,1.05,
>GALT3_HUMAN,269,0,269,0
6.56596638655462,2,2,18,3.5675,
6.48806579277544,5,2,24,1.51428571428571,
6.24289513305322,4,2,24,0.611666666666667,
,,,,,L,K,R,L,V,K,L,H,I,K,R,H,Y,H,K,K,F,W,K,L,G,A,V,I,F,F,F,I,I,V,L,V,L,M,Q,R,E,V,S,V,Q,Y,S,K,E,E,S,R,M,E,R,N,M,K,N,K,N,
>GALT3_MOUSE,250,0,250,0
6.48806722689075,5,2,24,1.51428571428571,
6.24306722688993,4,2,24,0.611666666666667,
5.94268907563025,5,3,24,1.325,
>GALT4_HUMAN,305,0,305,0
6.86911414565826,3,2,10,0.734,
6.84114145658263,2,4,10,0.611666666666667,
6.78970471521942,3,3,10,0.611666666666667,
>GALT4_MOUSE,250,0,250,0
7.54495796823735,2,2,10,0.9175,
7.44831932274578,2,3,10,0.734,
7.09957983068645,2,4,10,0.611666666666667,
>GALT5_HUMAN,250,0,250,0
8.60798319266943,2,2,12,0.6125,
8.27798319327731,5,2,12,0.7,
8.05798319327225,3,2,12,0.49,
>GALT5_MOUSE,250,0,250,0
8.60798319327731,2,2,12,0.6125,
8.27798319327731,5,2,12,0.7,
8.05798319327731,3,2,12,0.49,
>GALT5_RAT,250,0,250,0
8.60798319327731,2,2,12,0.6125,
8.27798319327731,5,2,12,0.7,
8.05798319327731,3,2,12,0.49,
>GALT6_BOVIN,250,0,250,0
7.722848583878,4,3,7,1.25714285714286,
7.60849673202614,3,3,7,1.05833333333333,
7.08941090054077,5,2,8,1.25714285714286,
,,,,,X,X,X,X,X,X,X,X,X,R,L,L,R,R,R,H,M,A,V,R,L,V,M,V,G,S,A,F,V,L,F,L,F,I,L,Q,R,D,V,S,G,R,E,Q,A,T,E,K,P,W,L,R,
>GALT6_HUMAN,250,0,250,0
5.71450795595992,4,3,7,1.25714285714286,
5.60762138185682,3,3,7,1.05833333333333,
5.56456582281832,2,3,7,0.78,
>GALT6_MOUSE,250,0,250,0
6.15146802054161,4,3,7,1.25714285714286,
6.0428291316597,3,3,7,1.05833333333333,
5.78949579916361,2,3,7,0.78,
>GALT7_HUMAN,250,0,250,0
8.10588235300602,2,3,10,0.49,
8.0139705882515,2,4,10,0.408333333333333,
7.21764705901805,2,2,10,0.6125,
>GALT7_MOUSE,250,0,250,0
8.5575630187483,2,2,10,0.6125,
8.55252100624943,2,3,10,0.49,
8.12563025156236,2,4,10,0.408333333333333,
>GALT7_RAT,250,0,250,0
8.55756302521008,2,2,10,0.6125,
8.55252100840336,2,3,10,0.49,
8.12563025210084,2,4,10,0.408333333333333,
>GALT8_HUMAN,250,0,250,0
6.96488095238095,2,4,8,0.611666666666667,
6.70952380952381,2,3,8,0.734,
6.65105508870215,3,3,9,0.611666666666667,
,,,,,X,X,X,X,X,X,X,X,M,F,W,R,K,L,P,K,A,L,F,I,G,L,T,L,A,I,A,V,N,L,L,L,V,F,S,S,K,G,T,L,Q,N,L,F,T,G,G,L,H,R,E,L,
>GALT9_HUMAN,250,0,250,0
8.0798319279445,2,2,8,0.6125,
6.75613476842125,5,2,8,1.22428571428571,
6.72661064264817,2,3,8,0.49,
>GALT9_MACFA,250,0,250,0
7.53613445640351,2,2,8,0.6125,
6.75613445378151,5,2,8,1.22428571428571,
6.6420168066877,3,2,13,0,
,,,,,X,X,X,X,X,X,X,X,A,V,A,R,K,I,R,T,L,L,T,V,N,I,L,V,F,V,G,I,V,L,F,S,V,Y,C,R,L,Q,G,R,S,Q,E,L,V,R,P,L,S,G,G,C,R,P,R,P,
>GBGT1_CANLF,250,0,250,0
8.49103641456583,2,3,4,0.98,
7.74775910364146,2,4,4,0.816666666666667,
7.70955182072829,2,5,4,0.7,
>GBGT1_HUMAN,305,0,305,0
9.10672268905089,3,3,4,1.225,
9.10672268610647,2,3,4,0.98,
8.92016806715266,3,2,4,1.47,
>GBGT1_MOUSE,250,0,250,0
7.47016806722689,2,2,4,0.6125,
6.98016806722689,3,2,4,0.98,
6.26372362278245,4,2,4,0.816666666666667,
>GCNT1_BOVIN,250,0,250,0
9.38907562859866,2,2,8,1.53,
8.60657563023832,3,2,8,1.714,
7.86302520953289,2,3,8,1.224,
>GCNT1_HUMAN,269,0,269,0
8.79915966815719,2,2,8,1.225,
8.28665966390131,3,2,8,1.47,
7.8663865560524,2,3,8,0.98,
>GCNT1_MOUSE,250,0,250,0
8.75735294119724,3,2,8,1.47,
8.28235294366879,2,2,8,1.225,
7.85245098039908,3,3,8,1.225,
>GCNT3_BOSMU,250,0,250,0
8.01134453550517,2,2,8,1.835,
6.95426120446254,3,2,8,2.202,
6.19545217670385,4,2,8,2.99,
>GCNT3_HUMAN,250,0,250,0
6.90914411181132,4,2,5,2.38333333333333,
6.79729341735823,3,2,5,2.61,
6.47521008298806,2,2,5,1.53,
>GCNT3_MOUSE,250,0,250,0
7.70924369056332,2,2,5,0.925,
7.03641456352111,2,3,5,2.126,
6.33757703075469,3,2,5,2.126,
>GCNT3_RAT,250,0,250,0
7.36806722853609,2,2,5,1.225,
6.9226890761787,2,3,5,2.366,
6.03056722690447,3,2,5,2.366,
>GCNT4_HUMAN,250,0,250,0
9.45779411764706,3,2,14,1.234,
9.40815359477124,3,3,14,1.02833333333333,
8.97843137254902,2,3,14,0.984,
>GCNT4_MOUSE,250,0,250,0
9.33697478267407,2,2,14,1.23,
9.31530812318895,3,2,14,1.234,
9.27899159422469,2,3,14,0.984,
>GCNT7_HUMAN,250,0,250,0
8.08235294095763,2,2,14,0.6125,
7.52340219421102,3,3,9,0.611666666666667,
7.32745098031921,2,3,14,0.49,
,,,,,X,X,X,X,X,X,X,S,Q,L,R,A,T,K,S,G,L,V,V,R,A,V,I,C,I,F,I,F,L,Y,L,R,N,P,T,P,A,E,S,E,E,E,P,A,Q,P,E,V,V,E,C,G,F,Y,P,D,
>GCNT7_MOUSE,250,0,250,0
6.45656862736404,3,2,9,0.734,
6.42602696078359,4,2,9,0.611666666666667,
6.4060502246732,5,2,9,0.524285714285714,
>GCNT7_PIG,250,0,250,0
8.32396708682116,3,2,9,0.734,
8.25243347338483,3,3,9,0.611666666666667,
8.01214417016795,4,2,9,0.611666666666667,
>GGT5_HUMAN,250,0,0,0
5.23882361816254,5,2,9,0,
5.16010154059269,3,2,9,0,
5.13294120605418,5,3,9,0,
>GGT5_MOUSE,269,0,0,0
7.35248923319306,4,2,7,0.65,
7.10252074360994,5,2,7,0.557142857142857,
7.05082974439769,4,3,7,0.557142857142857,
>GGT5_RAT,250,0,0,0
7.97752100840321,4,2,7,0.65,
7.6758403361344,4,3,7,0.557142857142857,
7.66918767505164,3,2,7,0.49,
>GGTA1_ALOCA,250,0,250,0
8.81727474323527,3,3,5,0.611666666666667,
8.75182422970581,3,2,5,0.734,
7.9229691882323,2,3,5,0,
>GGTA1_CALJA,250,0,250,0
8.95266106441587,3,3,5,1.22333333333333,
8.89131652658094,3,2,5,1.468,
8.36932772990436,2,3,5,0.734,
>GGTA1_FELCA,250,0,250,0
8.98891106442577,3,3,5,1.02,
8.90006652661064,3,2,5,1.224,
8.51932773109244,2,3,5,0.49,
>GGTA1_HUMAN,250,0,250,0
8.95254551820784,3,3,5,1.22333333333333,
8.89096988795685,3,2,5,1.468,
8.35546218494082,2,3,5,0.734,
>GGTA1_LEMCA,250,0,250,0
8.95266106442521,3,3,5,1.22333333333333,
8.89131652660897,3,2,5,1.468,
8.36932773102557,2,3,5,0.734,
>GGTA1_LORTA,250,0,250,0
7.64266106442577,3,3,5,1.22333333333333,
7.41596638655462,4,2,6,1.22333333333333,
7.36131652661064,3,2,5,1.468,
,,,,,X,X,X,X,X,X,X,X,X,X,X,N,V,K,G,K,A,I,L,S,M,L,V,A,S,T,V,I,V,V,F,W,E,Y,I,N,S,S,E,G,S,F,L,W,I,Y,H,S,K,N,P,E,
>GGTA1_RAT,269,0,269,0
9.30238445378151,3,2,39,1.468,
9.18968370681606,3,3,39,1.22333333333333,
8.11204481792717,2,3,39,0.734,
>GLCE_BOVIN,250,0,250,0
9.07510483776855,4,2,11,1.455,
8.85836827925618,4,3,11,1.24714285714286,
8.67924719889293,3,2,11,1.746,
>GLCE_HUMAN,250,0,250,0
9.07521008403311,4,2,11,1.455,
9.02521007672484,2,2,11,0.9175,
8.85840336134437,4,3,11,1.24714285714286,
>GLCE_MOUSE,269,0,269,0
9.07521008403361,4,2,11,1.455,
9.02521008403361,2,2,11,0.9175,
8.85840336134454,4,3,11,1.24714285714286,
>GLT10_HUMAN,250,0,250,0
9.09361236115974,5,2,6,1.93,
8.98466736694678,3,2,6,1.478,
8.983483339169,4,2,6,1.84333333333333,
>GLT10_MOUSE,250,0,250,0
9.233613436343,2,2,6,1.53,
9.09361344537815,5,2,6,1.93,
9.00028011196953,3,2,6,1.478,
>GLT11_HUMAN,269,0,269,0
9.00268904353408,5,2,267,0.738571428571429,
8.89768522408988,4,2,267,0.65,
8.72222689078536,3,2,267,0.78,
>GLT11_MOUSE,250,0,250,0
8.42268907563025,5,2,267,0.388571428571429,
8.32647057442827,2,2,256,0.3125,
8.17268907563023,4,2,267,0.241666666666667,
,,,,,V,F,L,D,S,H,C,E,V,N,V,M,W,L,Q,P,L,L,A,I,I,L,E,D,P,H,T,V,V,C,P,V,I,D,I,I,S,A,D,T,L,A,Y,S,S,S,P,V,V,R,G,G,F,N,W,G,L,H,F,K,W,D,
>GLT11_RAT,250,0,250,0
8.6668067210478,2,2,256,0.3125,
8.42268907563025,5,2,267,0.388571428571429,
8.17268907563025,4,2,267,0.241666666666667,
,,,,,V,F,L,D,S,H,C,E,V,N,V,M,W,L,Q,P,L,L,A,I,I,L,E,D,P,H,T,V,V,C,P,V,I,D,I,I,S,A,D,T,L,A,Y,S,S,S,P,V,V,R,G,G,F,N,W,G,L,H,F,K,W,D,
>GLT12_HUMAN,250,0,250,0
8.52899159658293,2,4,18,0.62,
8.51596638633173,2,3,18,0.744,
8.5006715338566,5,2,19,0.881428571428571,
,,,,,R,T,A,R,R,R,C,P,R,E,L,R,R,G,R,E,A,L,L,V,L,L,A,L,L,A,L,A,G,L,G,S,V,L,R,A,Q,R,G,A,G,A,G,A,A,E,P,G,P,P,R,T,
>GLT12_MOUSE,250,0,250,0
8.99999999589072,2,2,18,0.93,
8.79999999863024,2,3,18,0.744,
8.17915972222222,5,3,18,1.0775,
>GLT13_HUMAN,250,0,250,0
7.19721288515406,3,2,2,0.98,
7.17212885154062,2,4,2,1.66,
6.98851540616247,2,3,2,1.992,
>GLT14_HUMAN,250,0,250,0
10.188935569674,2,3,6,0.98,
9.76680670902186,2,2,6,1.225,
9.11240779641395,3,3,6,0.816666666666667,
>GLT14_MOUSE,250,0,250,0
9.18067226798291,2,3,6,0.98,
9.14201680394872,2,2,6,1.225,
7.81400560223319,3,3,6,0.816666666666667,
>GLT15_HUMAN,250,0,250,0
6.98035364134058,3,2,14,0.74,
6.72678454711353,3,3,14,0.616666666666667,
6.57681372548957,4,2,15,0.616666666666667,
,,,,,X,X,L,L,R,K,R,Y,R,H,R,P,C,R,L,Q,F,L,L,L,L,L,M,L,G,C,V,L,M,M,V,A,M,L,H,P,P,H,H,T,L,H,Q,T,V,T,A,Q,A,S,K,H,
>GLT15_MOUSE,250,0,250,0
7.38739501633987,5,2,14,0.878571428571429,
7.19579833877996,5,3,14,0.76875,
6.88823529407964,3,2,14,0.74,
>GLT16_HUMAN,250,0,250,0
7.2534453781438,3,2,6,0.49,
6.49559290382571,3,3,6,0.408333333333333,
6.37891722105508,4,3,7,0.35,
,,,,,X,X,X,X,X,X,X,X,X,X,R,K,I,R,A,N,A,I,A,I,L,T,V,A,W,I,L,G,T,F,Y,Y,L,W,Q,D,N,R,A,H,A,A,S,S,G,G,R,G,A,Q,R,A,
>GLT16_MOUSE,250,0,250,0
7.28263305308053,3,2,6,0.49,
6.50532212880462,3,3,6,0.408333333333333,
6.3789915966383,4,3,7,0.35,
,,,,,X,X,X,X,X,X,X,X,X,X,R,K,I,R,A,N,A,I,A,I,L,T,V,A,W,I,L,G,T,F,Y,Y,L,W,Q,D,N,R,A,H,A,A,S,S,S,G,R,G,A,Q,R,A,
>GLT17_HUMAN,250,0,250,0
8.70772826213819,4,2,7,1.42833333333333,
8.28590942071273,4,3,7,1.22428571428571,
7.92739145658263,3,2,7,1.224,
>GLT18_HUMAN,250,0,250,0
7.20724331816031,4,2,156,0.211666666666667,
6.80253151257073,3,2,156,0.254,
6.51908110605344,4,3,156,0.181428571428571,
>GLT18_MOUSE,250,0,250,0
7.20735294117594,4,2,156,0.211666666666667,
6.81568627444637,3,2,156,0.254,
6.53235294090191,2,4,154,0.211666666666667,
,,,,,R,P,S,G,C,R,N,L,S,F,P,D,S,L,P,E,V,S,I,V,F,I,F,V,N,E,A,L,S,V,L,L,R,S,I,H,S,A,M,E,R,T,P,S,H,L,L,K,E,I,I,L,V,
>GLTL5_HUMAN,305,0,0,0
8.46134453869655,2,3,2,0.49,
7.78277310612931,2,2,7,0.3125,
7.66123949582191,3,2,3,0.49,
,,,,,X,X,X,X,X,X,X,X,X,X,X,X,X,X,R,N,A,I,I,Q,G,L,F,Y,G,S,L,T,F,G,I,W,T,A,L,L,F,I,Y,L,H,H,N,H,V,S,S,W,Q,K,K,S,Q,E,P,L,
>GLTL5_MACFA,305,0,0,0
8.98235293866389,2,3,2,0.49,
8.14705881599167,2,2,2,0.6125,
7.90591736687198,3,2,3,0.49,
,,,,,X,X,X,X,X,X,X,X,X,X,X,X,X,X,R,N,A,I,I,R,C,L,F,Y,G,S,L,T,F,G,I,W,T,A,L,L,F,I,Y,L,H,H,N,H,V,S,N,W,Q,K,K,S,
>GLTL5_MOUSE,305,0,0,0
8.58781512578295,2,3,2,0.734,
7.86344537734886,2,2,2,0.9175,
7.85948179271486,3,3,2,0.611666666666667,
>GLTL6_HUMAN,250,0,250,0
8.62268907525944,2,2,6,1.53,
7.97344567285247,5,2,6,1.92714285714286,
7.88435574229383,3,2,6,1.474,
>GNT2A_HUMAN,250,0,250,0
7.83781512686903,2,3,6,1.024,
7.3134453806071,2,2,6,1.28,
7.19156512605724,3,3,6,2.00833333333333,
>GOLI4_MOUSE,250,0,250,0
8.95168067547042,2,2,11,1.53,
8.54655477527817,5,2,11,1.92714285714286,
8.45543067229559,3,2,11,1.474,
>GOLI4_RAT,269,0,269,0
8.68655462312732,2,2,11,1.53,
8.54655462184874,5,2,11,1.92714285714286,
8.45322128852606,3,2,11,1.474,
>GOLM1_HUMAN,269,0,269,0
8.00355575980392,4,2,14,0.611666666666667,
7.91785191993464,4,3,14,0.524285714285714,
7.46764705882353,2,3,14,0,
>GOLM1_MOUSE,250,0,250,0
8.19516517857135,4,2,14,0.611666666666667,
8.08172172619045,4,3,14,0.524285714285714,
7.77857142748332,2,2,14,0,
>GTA1L_MOUSE,250,0,250,0
8.49838585434174,3,2,5,1.722,
8.47723972922502,3,3,5,1.435,
8.36213824696545,4,2,6,1.435,
,,,,,X,X,X,X,X,X,X,X,X,X,X,Q,Y,K,K,E,A,L,L,L,M,L,F,A,V,L,L,A,L,T,Q,R,F,S,Y,S,R,T,K,D,H,L,Q,K,M,Y,A,C,W,K,D,H,
>GTA1L_RAT,250,0,250,0
9.31510329131529,4,2,6,1.435,
9.01239495783463,3,2,6,0.988,
8.97512586076096,5,2,6,1.95285714285714,
>HS2ST_CRILO,250,0,250,0
7.40873878336057,5,2,12,0.702857142857143,
7.34865400326796,4,2,12,0.82,
7.23848039215534,3,2,12,0.984,
>HS2ST_HUMAN,250,0,250,0
7.40873949579832,5,2,12,0.702857142857143,
7.34873949579791,4,2,12,0.82,
7.24873949574884,3,2,12,0.984,
>HS3S2_HUMAN,305,0,305,0
10.1201680672269,2,2,18,1.225,
9.84005602240896,2,3,18,0.98,
8.97949572926393,5,2,18,1.4,
>HS3S2_MOUSE,305,0,305,0
10.2394957977439,2,2,18,1.225,
9.87983193258129,2,3,18,0.98,
8.97949579831933,5,2,18,1.4,
>HS3S4_HUMAN,305,0,305,0
8.87030812217673,2,3,33,1.224,
8.44257703054418,2,4,33,1.02,
8.00851540610884,2,5,33,0.874285714285714,
>HS3S5_HUMAN,305,0,305,0
9.84195028011204,3,3,11,1.22833333333333,
9.7925175070028,3,2,11,1.474,
9.33548757002801,3,4,11,1.05285714285714,
>HS3S5_MOUSE,305,0,305,0
9.85238095233065,3,3,11,1.22833333333333,
9.82380952365862,3,2,11,1.474,
9.58571427967802,2,3,11,0.984,
>HS3S6_HUMAN,305,0,305,0
6.66857020113601,5,2,31,0.35,
6.62842413632127,4,2,31,0.408333333333333,
6.582856733712,5,3,31,0.30625,
>HS3S6_MOUSE,305,0,305,0
6.47176820720058,3,2,30,0.49,
6.27613429038282,5,2,32,0.35,
6.24614495795575,3,3,30,0.408333333333333,
,,,,,G,A,G,T,G,Q,G,T,A,L,R,A,L,R,A,P,L,A,L,V,V,L,L,L,S,A,Y,C,L,F,A,L,P,G,R,C,P,P,A,A,R,A,P,A,P,V,P,A,P,A,E,P,P,
>HS3SA_HUMAN,305,0,305,0
8.82338935481021,2,3,23,1.224,
8.43084733870255,2,4,23,1.02,
8.26616946774051,2,5,23,0.874285714285714,
>HS3SA_MOUSE,305,0,305,0
9.54873948673885,2,2,23,1.53,
9.44957982891295,2,3,23,1.224,
8.58739495722824,2,4,23,1.02,
>HS3SB_HUMAN,305,0,305,0
9.25378151248347,2,2,31,1.53,
9.1504481792707,3,2,31,1.714,
9.05014939309023,3,3,31,1.42833333333333,
>HS3SB_MOUSE,305,0,305,0
9.14873949580656,3,2,31,1.714,
9.04957983193552,3,3,31,1.42833333333333,
9.04873949678714,2,2,31,1.53,
>IEX1_HUMAN,269,0,0,0
9.92478991596639,2,2,84,1.53,
9.5749299719888,2,3,84,1.224,
9.0937324929972,2,4,84,1.02,
>IMPA3_BOVIN,250,0,250,0
4.81717450591349,4,3,11,0,
4.75152351774047,4,2,11,0,
4.55145658263305,2,5,9,0,
,,,,,X,X,X,X,X,X,X,A,P,M,G,I,R,L,S,P,L,G,V,A,V,F,C,L,L,G,L,G,V,L,Y,H,L,Y,S,G,F,L,A,G,R,F,S,L,F,G,L,G,G,E,P,G,G,
>IMPA3_HUMAN,269,0,269,0
4.86218487186117,2,3,9,0,
4.81722689075605,4,3,11,0,
4.75168067226815,4,2,11,0,
,,,,,X,X,X,X,X,X,X,A,P,M,G,I,R,L,S,P,L,G,V,A,V,F,C,L,L,G,L,G,V,L,Y,H,L,Y,S,G,F,L,A,G,R,F,S,L,F,G,L,G,G,E,P,G,G,
>IMPA3_MOUSE,250,0,269,0
4.86218487394958,2,3,9,0,
4.82731022408964,4,3,11,0,
4.78193067226891,4,2,11,0,
,,,,,X,X,X,X,X,X,X,A,P,M,G,I,R,L,S,P,L,G,V,A,V,F,F,L,L,G,L,G,V,L,Y,H,L,Y,S,G,F,L,A,G,R,F,S,L,F,G,L,G,S,E,P,A,A,
>IMPA3_PIG,250,0,250,0
4.86218487394958,2,3,9,0,
4.81722759103641,4,3,11,0,
4.75168277310923,4,2,11,0,
,,,,,X,X,X,X,X,X,X,A,P,M,G,I,R,L,S,P,L,G,V,A,V,F,C,L,L,G,L,G,V,L,Y,H,L,Y,S,G,F,L,A,G,R,F,S,L,F,G,M,G,G,E,P,G,G,
>IMPA3_RAT,250,0,250,0
4.86218487394958,2,3,9,0,
4.82731022408964,4,3,11,0,
4.78193067226892,4,2,11,0,
,,,,,X,X,X,X,X,X,X,A,P,M,G,I,R,L,S,P,L,G,V,A,V,F,F,L,L,G,L,G,V,L,Y,H,L,Y,S,G,F,L,A,G,R,F,S,L,F,G,L,G,G,E,P,A,G,
>KTN1_MOUSE,269,0,0,269
7.73452786531279,4,2,7,1.055,
7.67966273221094,5,2,7,1.62714285714286,
7.4615092884376,4,3,7,0.904285714285714,
>LAP2B_MOUSE,250,0,0,0
6.40166666666667,3,2,407,1.714,
6.30501388888889,4,2,407,2.04,
6.2,2,2,407,1.225,
>LARG1_HUMAN,269,0,269,0
8.93193277433717,2,2,9,1.53,
8.90443277311948,3,2,9,1.714,
8.63481092437316,3,3,9,1.42833333333333,
>LARG1_MOUSE,250,0,250,0
8.90336134454298,3,2,9,1.714,
8.80336134515785,2,2,9,1.53,
8.63445378151433,3,3,9,1.42833333333333,
>LARG2_HUMAN,305,0,269,0
7.45393557422969,3,2,7,0.98,
7.03109170848895,5,2,7,1.05,
6.68100501867414,4,2,7,0.816666666666667,
>LARG2_MOUSE,305,0,269,0
6.25317577025753,3,2,7,0.98,
6.03109243090407,2,2,7,0.6125,
5.81764721128034,5,2,7,1.05,
>LARG2_RAT,305,0,250,0
7.46223039216745,3,2,7,0.98,
7.03109228451797,5,2,7,1.05,
6.717647060094,2,2,7,0.6125,
>LFNG_BOVIN,250,0,250,0
9.9436974785681,2,3,7,0.98,
9.43109243570432,2,2,7,1.225,
9.16092436964203,2,4,7,0.816666666666667,
>LFNG_HUMAN,250,0,250,0
10.4747899109331,2,2,7,1.225,
10.2915966369777,2,3,7,0.98,
9.24789915924443,2,4,7,0.816666666666667,
>LFNG_MOUSE,250,0,250,0
10.4747899159664,2,2,7,1.225,
10.2915966386555,2,3,7,0.98,
9.24789915966387,2,4,7,0.816666666666667,
>LFNG_RAT,250,0,250,0
10.4747899159664,2,2,7,1.225,
10.2915966386555,2,3,7,0.98,
9.24789915966387,2,4,7,0.816666666666667,
>LRC59_BOVIN,250,0,0,250
6.74138888888889,3,3,244,1.56333333333333,
6.69815102237654,5,3,244,1.35375,
6.54695833333333,4,2,245,1.56333333333333,
,,,,,S,S,R,P,R,K,P,P,P,R,K,H,T,R,S,W,A,V,L,K,L,L,L,L,L,L,L,C,V,A,G,G,L,V,A,C,R,V,T,E,L,Q,Q,Q,P,L,C,T,S,V,N,T,
>LRC59_MOUSE,250,0,0,250
6.75815126048767,3,3,244,1.56333333333333,
6.71159663087457,5,3,244,1.35375,
6.59747549019559,4,2,245,1.56333333333333,
,,,,,G,S,R,P,R,K,P,P,P,R,K,H,T,R,S,W,A,V,L,K,V,L,L,L,L,L,L,L,C,V,A,G,G,L,V,V,C,R,V,T,G,L,H,Q,Q,P,L,C,T,S,V,N,
>MA1A1_PIG,269,0,0,269
8.52058123251226,3,2,47,0.988,
8.50581232512264,2,4,47,0.823333333333333,
8.34116246502453,2,5,47,0.705714285714286,
>MA1B1_HUMAN,269,0,0,269
9.15958333336087,3,2,83,0.74,
9.00875000000918,3,3,83,0.616666666666667,
8.93948905812313,4,2,84,0.616666666666667,
,,,,,R,S,C,W,R,K,W,K,Q,L,S,R,L,Q,R,N,M,I,L,F,L,L,A,F,L,L,F,C,G,L,L,F,Y,I,N,L,A,D,H,W,K,A,L,A,F,R,L,E,E,E,Q,K,
>MA2A1_HUMAN,250,0,250,0
6.89793417366947,2,4,5,0.616666666666667,
6.49173669467787,2,3,5,0.74,
6.31958683473389,2,5,5,0.528571428571429,
>MA2A2_HUMAN,250,0,250,0
7.35782913163869,3,3,5,1.43166666666667,
7.23949579664225,2,3,5,0.984,
7.21445728290967,3,4,5,1.22714285714286,
>MA2A2_MOUSE,250,0,250,0
7.35826330532004,3,3,5,1.43166666666667,
7.2915966384042,2,3,5,0.984,
7.21456582633001,3,4,5,1.22714285714286,
>MANEA_HUMAN,269,0,269,0
9.29535610216309,4,3,7,1.05,
9.28606830648926,4,2,7,1.225,
9.20890689459812,5,2,8,1.05,
,,,,,X,X,X,X,X,X,X,X,X,A,K,F,R,R,R,T,C,I,I,L,A,L,F,I,L,F,I,F,S,L,M,M,G,L,K,M,L,R,P,N,T,A,T,F,G,A,P,F,G,L,D,L,
>MANEA_MOUSE,250,0,250,0
8.94328555866781,4,3,7,1.05,
8.92985667600342,4,2,7,1.225,
8.62760037346997,3,3,7,0.816666666666667,
>MANEA_RAT,269,0,269,0
9.20798101462811,4,3,7,1.05,
9.02394304388434,4,2,7,1.225,
8.89105508870692,3,3,7,0.816666666666667,
>MANEL_HUMAN,250,0,250,0
8.75378151138928,5,3,6,1.53125,
8.75378136671334,4,3,6,1.4,
8.75376400560106,3,3,6,1.225,
>MANEL_MOUSE,250,0,250,0
8.75378151260504,4,3,6,1.4,
8.75378151260504,5,3,6,1.53125,
8.75378151260496,3,3,6,1.225,
>MARC1_HUMAN,269,0,0,0
5.43145551276066,4,3,21,1.34,
5.22151212927301,5,3,21,1.1725,
5.09536387819016,4,4,21,1.1725,
>MARC1_MOUSE,250,0,0,0
5.30650534936174,4,3,25,1.34,
5.28151254457801,5,3,25,1.1725,
4.97037633734043,4,4,25,1.1725,
>MFNG_HUMAN,250,0,250,0
7.22394957983193,2,2,7,0.6125,
6.30478291316527,3,2,7,0.49,
5.95378151260504,2,3,6,0.49,
,,,,,X,X,X,X,X,X,X,X,X,X,Q,C,R,L,P,R,G,L,A,G,A,L,L,T,L,L,C,M,G,L,L,C,L,R,Y,H,L,N,L,S,P,Q,R,V,Q,G,T,P,E,L,S,Q,
>MFNG_MOUSE,250,0,250,0
5.63277311233579,2,2,7,0.6125,
5.4811064425205,3,2,3,0.78,
5.05123144257656,4,2,3,0.65,
,,,,,X,X,X,X,X,X,X,X,X,X,X,X,X,H,C,R,L,F,R,G,M,A,G,A,L,F,T,L,L,C,V,G,L,L,S,L,R,Y,H,S,S,L,S,Q,R,M,I,Q,G,A,L,R,L,N,Q,
>MGAT1_HUMAN,305,0,269,0
7.11546210828081,5,3,7,0.615,
6.82638632484244,5,2,7,0.702857142857143,
6.48045299369751,4,3,7,0.178571428571429,
>MGAT1_MOUSE,250,0,250,0
7.09546218487395,5,3,7,0.615,
6.80638655462185,5,2,7,0.702857142857143,
6.45546218487391,4,3,7,0.178571428571429,
>MGAT1_RABIT,250,0,250,0
7.11546218487395,5,3,7,0.615,
6.82638655462185,5,2,7,0.702857142857143,
6.48046218487395,4,3,7,0.178571428571429,
>MGAT2_HUMAN,305,0,269,0
10.3047759103641,3,3,8,1.63166666666667,
10.2143277310924,3,2,8,1.958,
10.0731092436975,2,3,8,1.224,
>MGAT2_MOUSE,250,0,250,0
10.4075630235972,2,3,8,1.224,
10.3226890707915,2,2,8,1.53,
10.3075630251966,3,3,8,1.63166666666667,
>MGAT2_PIG,250,0,250,0
10.4075630252101,2,3,8,1.224,
10.3226890756303,2,2,8,1.53,
10.3075630252101,3,3,8,1.63166666666667,
>MGAT2_RAT,250,0,250,0
10.4075630252101,2,3,8,1.224,
10.3226890756303,2,2,8,1.53,
10.3075630252101,3,3,8,1.63166666666667,
>MGT4A_BOVIN,250,0,250,0
6.92532866479925,4,2,6,0.408333333333333,
6.1727731092437,3,2,6,0,
5.71041940553999,5,2,6,0.35,
>MGT4A_HUMAN,250,0,250,0
6.62292016806679,4,2,6,0.408333333333333,
5.88375350134761,3,2,6,0,
5.4909733893556,4,3,6,0.35,
>MGT4A_MOUSE,250,0,250,0
6.62289915966397,4,2,6,0.408333333333333,
5.88123249300936,3,2,6,0,
5.49096638655466,4,3,6,0.35,
>MGT4B_HUMAN,250,0,250,0
7.2581699929972,4,2,6,0.408333333333333,
6.5137324929972,3,2,6,0,
6.04319308327498,5,2,6,0.35,
>MGT4C_HUMAN,250,0,250,0
6.28883417950542,4,2,23,1.42833333333333,
6.14554620752526,5,4,24,0.952222222222222,
5.94218483010102,5,3,24,1.07125,
,,,,,H,I,F,E,I,L,D,K,M,R,C,L,R,K,R,S,T,V,S,F,L,G,V,L,V,I,F,L,L,F,M,N,L,Y,I,E,D,S,Y,V,L,E,G,D,K,Q,L,I,R,E,T,S,
>MGT4C_MOUSE,250,0,250,0
6.28886554621834,4,2,23,1.42833333333333,
6.14554621848739,5,4,24,0.952222222222222,
5.94218487394958,5,3,24,1.07125,
,,,,,Y,I,F,Q,I,L,D,K,M,R,C,L,R,K,R,S,T,V,S,F,L,G,V,L,V,V,F,L,L,F,M,N,L,Y,I,E,D,S,Y,V,L,E,G,D,K,Q,L,I,R,E,T,S,
>MGT4C_PIG,250,0,250,0
7.09441176470588,3,3,22,1.42833333333333,
6.82941176470588,2,3,22,1.224,
6.38323529411765,3,2,22,1.714,
>MGT4D_HUMAN,305,0,250,305
7.62625424058509,4,3,6,0.702857142857143,
7.43126045200488,5,3,6,0.615,
7.42876272175526,4,2,6,0.82,
>MGT4D_MOUSE,250,0,250,269
7.41449679038273,4,2,6,0.611666666666667,
7.05483226346091,4,3,6,0.524285714285714,
6.71949580658652,5,2,6,0.524285714285714,
>MGT4D_RAT,305,0,269,305
7.51532913165267,4,2,6,0.611666666666667,
7.32033607609711,5,2,6,0.524285714285714,
7.08844304388422,4,3,6,0.524285714285714,
>MGT5A_CRIGR,250,0,269,0
7.50420168067227,2,2,12,1.23,
7.03473389355742,2,3,12,0.984,
6.87673669467787,2,5,12,0.702857142857143,
>MGT5A_HUMAN,269,0,250,0
6.9840336159539,2,2,12,1.23,
6.86806722693257,2,5,12,0.702857142857143,
6.8613445386513,2,3,12,0.984,
>MGT5B_HUMAN,250,0,250,0
9.58725490196078,2,3,13,0.98,
9.26176470588235,2,2,13,1.225,
8.2218137254902,2,4,13,0.816666666666667,
>MGT5B_MOUSE,269,0,269,0
9.62773109224178,2,3,13,0.98,
9.38319327672533,2,2,13,1.225,
8.23193277306044,2,4,13,0.816666666666667,
>MMEL1_MOUSE,269,0,0,0
6.77663865546219,3,2,18,1.266,
6.71443510737628,3,3,18,1.055,
6.40360877684407,3,4,18,0.904285714285714,
>MMP23_BOVIN,250,0,0,250
7.91890755388064,2,2,19,0.925,
7.26198179256468,2,5,19,0.528571428571429,
7.10990896282339,2,4,19,0.616666666666667,
>MMP23_HUMAN,269,0,0,250
6.58823530173238,2,2,18,2.9575,
6.37355042016827,4,2,19,2.18333333333333,
6.37240196084777,3,2,18,2.62,
,,,,,G,A,R,V,P,S,E,A,P,G,A,G,V,E,R,R,W,L,G,A,A,L,V,A,L,C,L,L,P,A,L,V,L,L,A,R,L,G,A,P,A,V,P,A,W,S,A,A,Q,G,D,V,
>MMP23_MOUSE,269,0,0,250
5.72478991548008,2,2,25,0,
5.67492997182669,2,3,25,0,
5.3484900501867,4,2,18,1.77166666666667,
,,,,,R,A,C,L,R,P,E,A,S,G,A,V,Q,G,R,W,L,G,A,A,L,S,G,L,C,L,L,S,A,L,A,L,L,E,W,L,G,A,P,T,E,T,A,W,R,A,A,Q,G,N,V,D,A,P,N,V,G,S,
>MOGS_MOUSE,250,0,0,250
5.04537812417328,2,2,48,0,
5.04537812417328,2,3,48,0,
5.04537812417328,2,4,48,0,
>MOGS_RAT,269,0,0,269
5.04537812417328,2,2,48,0,
5.04537812417328,2,3,48,0,
5.04537812417328,2,4,48,0,
>MYORG_HUMAN,250,0,0,269
6.70067156862745,5,2,55,1.04857142857143,
6.42058823529412,2,2,55,0.9175,
6.37352941176471,2,3,55,0.734,
>MYORG_MOUSE,269,0,0,269
7.91162464733588,2,3,54,0.49,
7.53487394200765,2,2,54,0.6125,
7.21058778059835,5,2,54,1.05571428571429,
>NAT8_MOUSE,250,0,250,250
6.13507066993456,4,2,59,1.155,
6.10848039214714,3,2,59,1.386,
6.0676470576564,2,2,59,1.7325,
>NAT8_RAT,250,0,250,250
8.86663165264486,2,4,34,0.65,
8.71652661057942,2,3,34,0.78,
8.48976190476191,3,2,41,0.49,
,,,,,M,F,S,R,G,M,K,E,H,I,P,T,A,F,R,H,L,L,L,L,P,R,T,L,L,L,L,L,G,V,P,L,A,L,V,L,V,S,G,S,W,L,L,A,V,V,C,I,F,F,L,L,P,F,L,W,F,L,
>NDST1_HUMAN,269,0,269,0
7.43781512553169,2,2,8,1.225,
7.4346393557076,3,2,17,0.25,
7.37278866129756,4,2,17,0.208333333333333,
,,,,,X,X,X,X,X,X,X,X,P,A,L,A,C,L,R,R,L,C,R,H,V,S,P,Q,A,V,L,F,L,L,F,I,F,C,L,F,S,V,F,I,S,A,Y,Y,L,Y,G,W,K,R,G,L,E,P,S,A,D,A,P,E,
>NDST1_MOUSE,250,0,250,0
7.93865545976956,2,2,8,1.225,
7.50966386203266,2,3,16,0.25,
7.44789915959992,3,2,17,0.25,
,,,,,X,X,X,X,X,X,X,X,P,A,L,A,C,L,R,R,L,C,R,H,L,S,P,Q,A,V,L,F,L,L,F,V,F,C,L,F,S,V,F,V,S,A,Y,Y,L,Y,G,W,N,R,G,L,E,P,S,A,D,A,S,E,
>NDST2_BOVIN,250,0,250,0
10.3478991596639,2,2,17,0.975,
10.049299719888,2,3,17,0.78,
9.37482492997199,2,4,17,0.65,
>NDST2_HUMAN,250,0,250,0
10.5239495789829,2,2,17,0.975,
10.1079831929943,2,3,17,0.78,
9.38949579824858,2,4,17,0.65,
>NDST2_MOUSE,250,0,250,0
10.5239495798319,2,2,17,0.975,
10.1079831932773,2,3,17,0.78,
9.38949579831933,2,4,17,0.65,
>NDST3_HUMAN,250,0,250,0
9.60314425770308,3,2,13,0.74,
9.30104808590103,3,3,13,0.616666666666667,
8.57526202147526,3,4,13,0.528571428571429,
>NDST3_MOUSE,250,0,250,0
9.3727310923184,3,2,13,0.74,
9.12773107820848,2,2,13,0.6125,
9.09091036410613,3,3,13,0.616666666666667,
>NDST4_HUMAN,250,0,250,0
8.78235294126563,2,3,12,0.49,
8.64705882379688,2,2,12,0.6125,
8.26773069852941,5,2,12,0.7,
>NDST4_MOUSE,250,0,250,0
9.32773108915441,2,2,12,0.6125,
9.0092436963848,2,3,12,0.49,
8.2773109240962,2,4,12,0.408333333333333,
>NF2L1_BOVIN,250,0,0,250
6.55699929971989,3,2,15,0.25,
6.53067226890756,2,2,10,0.3175,
6.53011087768441,3,3,15,0.208333333333333,
,,,,,X,X,X,X,X,X,L,S,L,K,K,Y,L,T,E,G,L,L,Q,F,T,I,L,L,S,L,I,G,V,R,V,D,V,D,T,Y,L,T,S,Q,L,P,P,L,R,E,I,I,L,G,P,S,S,A,Y,T,
>NF2L1_HUMAN,269,0,0,269
6.61554621807809,2,2,10,0.3175,
6.56078431370724,3,2,15,0.25,
6.53137254901352,3,3,15,0.208333333333333,
,,,,,X,X,X,X,X,X,L,S,L,K,K,Y,L,T,E,G,L,L,Q,F,T,I,L,L,S,L,I,G,V,R,V,D,V,D,T,Y,L,T,S,Q,L,P,P,L,R,E,I,I,L,G,P,S,S,A,Y,T,
>NF2L1_MOUSE,250,0,0,269
6.61554621848739,2,2,10,0.3175,
6.56078431372549,3,2,15,0.25,
6.53137254901961,3,3,15,0.208333333333333,
,,,,,X,X,X,X,X,X,L,S,L,K,K,Y,L,T,E,G,L,L,Q,F,T,I,L,L,S,L,I,G,V,R,V,D,V,D,T,Y,L,T,S,Q,L,P,P,L,R,E,I,I,L,G,P,S,S,A,Y,T,
>NSG1_HUMAN,250,0,250,269
6.87529394354964,5,2,83,0.874285714285714,
6.65176464784988,5,3,83,0.765,
6.59945378147304,3,2,83,0.734,
>NSG2_BOVIN,250,0,250,0
8.04999999941441,2,2,65,0.9175,
5.79596596695391,5,3,72,0.15875,
5.72789790086173,5,2,72,0.181428571428571,
,,,,,E,Y,Q,P,E,Q,K,N,K,G,K,F,R,V,P,K,I,A,E,F,T,V,T,I,L,V,S,L,A,L,A,F,L,A,C,I,V,F,L,V,V,Y,K,A,F,T,Y,D,H,S,C,P,E,G,F,V,Y,K,
>NSG2_RAT,269,0,250,0
6.58529412471065,2,2,65,0.9175,
5.79596638655462,5,3,72,0.15875,
5.72789915966386,5,2,72,0.181428571428571,
,,,,,E,Y,Q,P,E,Q,R,N,K,G,K,F,R,V,P,K,I,A,E,F,T,V,T,I,L,V,S,L,A,L,A,F,L,A,C,I,V,F,L,V,V,Y,K,A,F,T,Y,D,H,S,C,P,E,G,F,V,Y,K,
>NSMA5_MOUSE,250,0,0,269
6.54789915966386,2,2,72,0.9175,
6.47114845938375,2,3,78,0,
6.4005929038282,3,3,78,0,
,,,,,G,C,W,A,P,S,V,R,S,K,S,L,G,W,F,K,V,L,A,G,S,G,V,L,L,P,L,V,V,V,G,L,P,L,A,L,V,G,L,A,L,W,L,P,L,Q,V,W,R,R,P,F,C,Y,Q,P,P,
>P4HTM_HUMAN,269,0,0,269
6.82058823616136,2,2,53,0.6125,
6.76258753501401,3,2,59,1.502,
6.74308473389356,3,3,59,1.25166666666667,
,,,,,G,D,G,E,D,A,P,V,R,P,L,C,K,P,R,G,I,C,S,R,A,Y,F,L,V,L,M,V,F,V,H,L,Y,L,G,N,V,L,A,L,L,L,F,V,H,Y,S,N,G,D,E,S,S,D,P,G,P,
>P4HTM_MOUSE,250,0,0,250
6.78485994387515,3,2,60,1.502,
6.7505088701806,3,3,60,1.25166666666667,
6.6831932155501,5,2,61,1.07285714285714,
,,,,,P,V,R,P,L,C,K,P,R,G,I,C,S,R,A,Y,F,L,V,L,M,V,F,V,H,L,Y,L,G,N,V,L,A,L,L,L,F,V,H,Y,S,N,G,D,E,S,T,D,P,G,P,Q,
>PEX26_HUMAN,269,0,0,0
8.57417366944866,3,2,254,1.468,
8.25084033383868,2,2,254,0.9175,
7.90250233426066,3,3,254,1.22333333333333,
>PEX26_MACFA,250,0,0,0
8.57254901961568,3,2,254,1.468,
8.05588235388137,2,2,254,0.9175,
7.90196078431634,3,3,254,1.22333333333333,
>PEX26_MOUSE,250,0,0,0
8.63921568627451,3,2,254,1.224,
7.96862745098039,3,3,254,1.02,
7.85588235294118,2,2,254,0.9175,
>PLD3_BOVIN,250,0,250,250
8.81277164060069,5,2,37,2.38857142857143,
8.40759687208235,4,2,37,2.175,
8.39092388020023,5,3,37,2.09,
>PLD3_HUMAN,269,0,269,269
9.232773097005,2,2,37,2.345,
8.81277310924369,5,2,37,2.38857142857143,
8.81092436566833,2,3,37,1.876,
>PLD3_MACFA,250,0,250,250
9.2327731092437,2,2,37,2.345,
8.8127731092437,5,2,37,2.38857142857143,
8.8109243697479,2,3,37,1.876,
>PLD3_MOUSE,250,0,250,250
9.2327731092437,2,2,37,2.345,
8.8127731092437,5,2,37,2.38857142857143,
8.8109243697479,2,3,37,1.876,
>PLD3_RAT,250,0,250,250
9.2327731092437,2,2,37,2.345,
8.8127731092437,5,2,37,2.38857142857143,
8.8109243697479,2,3,37,1.876,
>PLD4_HUMAN,250,0,250,250
5.86530713118581,4,2,31,0.208333333333333,
5.77018907563025,3,2,31,0.25,
5.46554422609322,5,2,31,0.178571428571429,
>PLD4_MOUSE,305,0,269,269
5.24067243862822,5,2,32,0.414285714285714,
5.17899159389913,5,5,33,0.145,
5.07394956598438,2,2,32,0.3625,
,,,,,V,E,V,S,D,W,P,C,S,T,S,H,D,P,H,S,G,L,G,M,V,L,G,M,L,A,V,L,G,L,S,S,V,T,L,I,L,F,L,W,Q,G,A,T,S,F,T,S,H,R,M,F,
>PLPL3_HUMAN,269,0,0,0
9.12009803924522,3,2,136,0.988,
8.74420046977124,5,2,136,1.05571428571429,
8.42905637254927,4,2,136,0.823333333333333,
>PLS3_HUMAN,250,0,0,0
6.89089635854342,2,3,267,0.734,
6.77268907563025,2,2,267,0.9175,
6.45041950669157,4,3,267,0.874285714285714,
>PLS3_MOUSE,250,0,0,0
6.70210084120541,2,3,268,0.734,
6.30040639589175,4,3,268,1.04857142857143,
6.20630252361622,2,2,268,0.9175,
>PLS3_RAT,305,0,0,0
6.90042016711083,2,3,268,0.734,
6.80126050133248,2,2,268,0.9175,
6.45042016806716,4,3,268,0.874285714285714,
>PMGT1_BOVIN,250,0,250,0
8.8281512601881,2,2,36,1.225,
7.0478370681609,4,2,42,0.208333333333333,
6.60896358540736,3,2,41,0.25,
,,,,,Y,L,T,W,K,Y,K,L,T,N,Q,R,A,L,R,R,F,C,Q,T,G,A,V,L,F,L,L,V,T,V,I,V,N,I,K,L,I,L,D,T,R,R,A,I,S,E,A,S,E,D,L,E,P,E,Q,D,Y,
>PMGT1_HUMAN,305,0,269,0
7.28571429315274,2,2,36,1.225,
7.04789915966357,4,2,42,0.208333333333333,
6.61232492995578,3,2,41,0.25,
,,,,,Y,L,T,W,K,Y,K,L,T,N,Q,R,A,L,R,R,F,C,Q,T,G,A,V,L,F,L,L,V,T,V,I,V,N,I,K,L,I,L,D,T,R,R,A,I,S,E,A,N,E,D,P,E,P,E,Q,D,Y,
>PMGT2_BOVIN,250,0,0,250
6.08207282913165,2,3,8,0,
5.20519607843137,3,2,9,0,
5.14193394024276,3,3,8,0,
,,,,,X,X,X,X,X,X,X,X,H,L,S,A,V,L,N,A,L,L,V,S,V,L,A,A,V,L,W,K,H,V,R,L,R,E,H,A,A,S,L,E,E,E,L,A,V,G,R,R,A,A,D,P,
>PMGT2_CANLF,250,0,0,250
6.69705882056362,2,3,8,0,
6.59117646169087,2,2,8,0,
5.21428571424188,3,2,9,0,
,,,,,X,X,X,X,X,X,X,X,H,L,S,A,V,L,N,A,L,L,V,S,V,L,A,A,V,L,W,K,H,V,R,L,R,E,H,A,A,A,L,E,E,E,V,A,A,G,R,Q,A,P,A,P,
>PMGT2_HUMAN,269,0,0,269
6.69705882352941,2,3,8,0,
6.59117647058823,2,2,8,0,
5.48039215686275,3,3,8,0,
>PMGT2_MOUSE,250,0,0,250
6.69705882352941,2,3,8,0,
6.59117647058823,2,2,8,0,
5.48039215686275,3,3,8,0,
>RDH11_HUMAN,269,0,0,269
5.5468900334092,5,2,6,0.181428571428571,
5.1956300111364,5,3,6,0.15875,
5.18314775910364,3,2,6,0,
>RDH11_MOUSE,269,0,0,269
4.78040266103851,3,2,2,0,
4.52680088701284,3,3,2,0,
4.46297907913153,4,2,3,0,
,,,,,X,X,X,X,X,X,X,X,X,X,X,X,X,X,F,G,F,L,L,L,L,S,L,P,F,I,L,Y,L,V,T,P,K,I,R,K,M,L,S,S,G,V,C,T,S,N,V,Q,L,P,G,K,
>RFNG_HUMAN,305,0,305,0
6.51386554821639,2,2,5,0.6125,
6.50462184940546,2,3,5,0.49,
5.77564268207288,4,3,5,0.7,
>RFNG_MOUSE,305,0,305,0
9.57563025296403,2,3,5,0.98,
9.2268907588921,2,2,5,1.225,
8.11154691876757,4,3,5,1.05,
>RFNG_RAT,305,0,305,0
9.6865546213138,2,3,5,0.98,
9.55966386394141,2,2,5,1.225,
7.5115546218487,4,3,5,1.05,
>RXLT1_HUMAN,305,0,269,0
8.94581232492997,3,2,6,1.714,
8.09747899159664,2,2,6,1.53,
8.05204843604108,4,2,6,1.42833333333333,
>RXLT1_MOUSE,250,0,250,0
8.01043417363914,3,2,6,0.98,
7.37814250700255,4,2,6,0.816666666666667,
7.25210083669695,2,2,6,0.6125,
>SACA3_HUMAN,305,0,0,0
7.47647058801848,2,2,62,2.9575,
5.50980392156682,3,2,62,2.856,
5.49215686267283,2,3,62,2.366,
>SACA3_MOUSE,305,0,0,0
9.06134452921562,2,2,68,0.925,
7.74551120441013,3,2,68,1.23,
7.25378150973854,2,3,68,0.74,
>SC11A_BOVIN,250,0,0,250
7.45013305323622,3,2,164,1.746,
7.24789699998055,5,2,164,1.77142857142857,
6.86666666666667,2,3,163,1.746,
,,,,,I,G,I,V,T,I,L,M,N,D,Y,P,K,F,K,Y,A,V,L,F,L,L,G,L,F,V,L,V,H,R,E,X,X,X,X,X,X,X,X,X,X,X,X,X,X,X,X,X,X,X,X,X,
>SC11C_HUMAN,250,0,0,250
7.19572128851541,3,2,32,2.274,
6.33310849916355,5,2,32,1.80285714285714,
6.28655462184874,2,2,32,1.5775,
>SC11C_MOUSE,250,0,0,250
7.57310923749303,2,2,32,1.5775,
7.20644257697911,3,2,32,2.274,
6.33310924369747,5,2,32,1.80285714285714,
>SCAR3_HUMAN,269,0,269,269
7.24075630252101,2,2,47,0.9175,
7.146918767507,2,3,47,0.734,
6.88739368191721,5,2,55,0.557142857142857,
,,,,,T,Q,K,G,R,P,G,P,R,C,S,R,C,Q,K,N,L,S,L,H,T,S,V,R,I,L,Y,L,F,L,A,L,L,L,V,A,V,A,V,L,A,S,L,V,F,R,K,V,D,S,L,S,E,D,I,S,L,T,Q,
>SCAR3_MOUSE,250,0,250,250
6.88739495798319,5,2,55,0.557142857142857,
6.61764706137596,2,3,47,0.734,
6.55098039217813,3,3,47,0.82,
,,,,,T,Q,E,G,R,A,G,P,R,C,N,R,C,Q,K,N,L,S,L,H,T,S,V,R,I,L,Y,L,F,L,T,L,L,L,V,A,V,A,V,L,A,S,L,V,F,R,K,V,D,S,L,S,E,D,I,S,L,A,Q,
>SEC1_BOVIN,250,0,250,0
6.3568059263636,5,2,40,0,
6.19171116363212,4,2,40,0,
6.17200630252101,3,2,40,0,
>SEC1_MOUSE,250,0,250,0
6.44057011554622,4,3,16,0.878571428571429,
6.17171034663866,4,2,16,1.025,
6.07731092436975,2,2,17,0.6125,
,,,,,P,S,D,S,C,L,L,S,L,T,V,L,Q,R,L,R,A,I,C,P,P,L,S,T,F,Y,L,F,F,V,I,F,V,V,S,T,I,F,H,C,H,R,R,L,G,L,V,P,A,P,W,A,
>SG196_HUMAN,305,0,0,305
8.42857142809728,2,2,9,1.225,
7.54285714269909,2,3,9,0.98,
6.16071428567477,2,4,9,0.816666666666667,
>SG196_MACFA,250,0,0,250
6.81932773458168,2,3,9,0.98,
6.61932773112151,3,3,9,1.42833333333333,
6.41932773109268,4,3,9,1.22428571428571,
>SG196_MOUSE,250,0,0,250
6.32319323792017,5,2,20,0.35,
6.26773107930672,5,3,20,0.30625,
6.24567226890756,2,5,18,0.35,
,,,,,Q,H,G,T,R,N,G,L,T,H,R,E,L,P,R,G,V,G,L,L,L,A,M,A,L,M,N,V,A,L,Y,L,C,L,D,Q,L,F,I,S,P,G,R,S,T,A,D,S,R,R,C,P,P,
>SG196_RAT,250,0,0,250
6.78319327731092,5,2,20,0.35,
6.72773109243697,5,3,20,0.30625,
6.6331932773109,4,2,20,0.408333333333333,
>SIA10_BOVIN,305,0,305,0
7.98920868345556,3,2,3,1.502,
7.49518785013991,4,2,3,1.25166666666667,
7.17418067226297,3,3,3,1.25166666666667,
>SIA10_HUMAN,305,0,305,0
8.26704481781704,3,2,3,1.502,
7.75083648459292,4,2,3,1.25166666666667,
7.40012605038346,3,3,3,1.25166666666667,
>SIA10_MOUSE,305,0,305,0
8.06750700279889,3,2,3,1.746,
7.60084033613444,4,2,3,1.455,
7.20028011204407,3,3,3,1.455,
>SIA10_RAT,305,0,305,0
8.32250700280112,3,2,3,1.746,
7.85629866946779,4,2,3,1.455,
7.41861344537815,3,3,3,1.455,
>SIA4C_MOUSE,250,0,250,0
8.41633753501401,3,2,7,2.41,
8.29630206047697,5,2,7,2.24571428571429,
7.95624725723623,4,2,7,2.00833333333333,
>SIA4C_PANTR,250,0,250,0
7.44505952381895,3,2,6,2.12,
7.30714285827352,2,2,6,2.65,
7.16904761942451,2,3,6,2.12,
>SIA4C_RAT,250,0,250,0
8.42077030813385,3,2,7,2.41,
8.29630236830844,5,2,7,2.24571428571429,
7.95628419701223,4,2,7,2.00833333333333,
>SIA7A_HUMAN,305,0,305,0
7.738469887968,3,2,17,1.636,
7.53504551821156,3,3,17,1.36333333333333,
7.27100840342821,2,2,9,0.975,
,,,,,X,X,X,X,X,X,X,R,S,C,L,W,R,C,R,H,L,S,Q,G,V,Q,W,S,L,L,L,A,V,L,V,F,F,L,F,A,L,P,S,F,I,K,E,P,Q,T,K,P,S,R,H,Q,R,T,E,N,I,K,E,
>SIA7A_MOUSE,305,0,305,0
8.12326680683327,3,2,11,0.99,
8.06331115783331,3,3,11,0.825,
7.97986694699988,2,5,11,0.528571428571429,
>SIA7B_HUMAN,305,0,305,0
6.19687675072703,3,2,6,0.49,
6.14247397292273,4,2,6,0.408333333333333,
5.52688927598817,5,2,9,0.99,
,,,,,X,X,X,X,X,X,X,X,X,X,G,L,P,R,G,S,F,F,W,L,L,L,L,L,T,A,A,C,S,G,L,L,F,A,L,Y,F,S,A,V,Q,R,Y,P,G,P,A,A,G,A,R,D,T,T,
>SIA7B_MOUSE,305,0,305,0
7.53764705872336,3,2,6,2.366,
7.51764704680367,2,2,6,2.345,
7.19117646824992,2,3,5,2.366,
,,,,,X,X,X,X,X,X,X,X,X,X,X,D,L,P,R,R,W,L,F,R,M,L,L,L,V,A,T,S,S,G,I,L,L,M,L,Y,S,S,A,G,Q,Q,S,P,E,T,Q,V,P,A,R,N,
>SIA7C_HUMAN,305,0,305,0
9.52199740312817,4,2,8,1.63166666666667,
9.30635504204745,3,2,8,1.224,
8.85733246770939,4,3,8,1.39857142857143,
>SIA7C_MOUSE,305,0,305,0
9.59767340686245,4,2,8,1.63166666666667,
9.58255780228748,4,3,8,1.39857142857143,
9.4541421568272,3,2,8,1.224,
>SIA7C_RAT,305,0,305,0
7.74227240896351,4,2,8,1.63166666666667,
7.67268907454214,2,2,8,0.9175,
7.60602240895452,3,2,8,1.224,
>SIA7D_HUMAN,250,0,250,0
8.77941876751916,3,2,5,0.49,
8.36117449667367,5,2,5,0.874285714285714,
8.30425070028416,3,3,5,0.408333333333333,
>SIA7D_MOUSE,250,0,250,0
7.91085434182783,3,2,63,0.49,
7.88139589172039,3,3,63,0.408333333333333,
7.49310723525522,5,2,63,0.874285714285714,
>SIA7E_HUMAN,250,0,250,0
8.21470587017706,2,2,6,0.975,
7.5810749299546,3,3,7,0.65,
7.54322478986381,3,2,7,0.78,
,,,,,X,X,X,X,X,X,X,X,X,X,K,T,L,M,R,H,G,L,A,V,C,L,A,L,T,T,M,C,T,S,L,L,L,V,Y,S,S,L,G,G,Q,K,E,R,P,P,Q,Q,Q,Q,Q,Q,
>SIA7F_BOVIN,250,0,250,0
8.43159654066488,5,2,41,1.23428571428571,
8.26658487978502,4,2,41,0.828333333333333,
8.12351890753572,3,2,41,0.74,
>SIA7F_HUMAN,250,0,250,0
8.43159680886243,5,2,42,1.23428571428571,
8.26661706349199,4,2,42,0.828333333333333,
8.1357142846971,2,2,42,0.6125,
>SIA7F_MOUSE,250,0,250,0
8.43159663865546,5,2,42,1.23428571428571,
8.26659663865556,4,2,42,0.828333333333333,
8.12492997200061,3,2,42,0.74,
>SIA8A_BOVIN,305,0,305,0
6.06770191409573,3,3,26,0.816666666666667,
5.65861973817302,4,3,26,0.7,
5.52422969148771,2,3,26,0.49,
>SIA8A_HUMAN,305,0,305,0
5.19805788982624,3,3,26,0.816666666666667,
5.04117645524934,2,2,33,0,
5.02750700281204,3,2,26,0.98,
,,,,,S,R,G,A,M,A,V,L,A,W,K,F,P,R,T,R,L,P,M,G,A,S,A,L,C,V,V,V,L,C,W,L,Y,I,F,P,V,Y,R,L,P,N,E,K,E,I,V,Q,G,V,L,Q,Q,G,T,A,W,R,
>SIA8A_MOUSE,305,0,305,0
6.06385270775365,3,3,25,0.816666666666667,
5.6585876614535,4,3,25,0.7,
5.44096317693841,3,4,25,0.7,
>SIA8B_HUMAN,305,0,305,0
6.56241246500398,3,2,7,1.876,
6.06524859944577,3,3,7,1.56333333333333,
5.87243720456933,5,2,7,1.51857142857143,
>SIA8B_MOUSE,305,0,305,0
6.55910364147254,3,2,7,1.876,
6.06414565826862,3,3,7,1.56333333333333,
5.87243697478992,5,2,7,1.51857142857143,
>SIA8C_HUMAN,305,0,305,0
5.99243697478992,2,2,7,0.6125,
5.81197516923436,4,2,7,1.02,
5.45798295401494,5,2,10,0.35,
,,,,,X,X,X,X,X,X,X,X,X,R,N,C,K,M,A,R,V,A,S,V,L,G,L,V,M,L,S,V,A,L,L,I,L,S,L,I,S,Y,V,S,L,K,K,E,N,I,F,T,T,P,K,Y,A,S,
>SIA8C_MOUSE,305,0,305,0
5.98697478994231,2,2,7,0.6125,
5.81197478991597,4,2,7,1.02,
5.45798319327731,5,2,10,0.35,
,,,,,X,X,X,X,X,X,X,X,X,R,N,C,K,M,A,R,V,A,S,V,L,G,L,V,M,L,S,V,A,L,L,I,L,S,L,I,S,Y,V,S,L,K,K,E,N,I,F,T,T,P,K,Y,A,S,
>SIA8D_BOVIN,305,0,305,0
9.04299719553755,2,3,163,0.29,
8.92899158661266,2,2,163,0.3625,
8.17018701369414,4,3,163,0.207142857142857,
>SIA8D_CRIGR,305,0,305,0
8.77016806854262,2,3,163,0.29,
8.17016806722698,4,3,163,0.207142857142857,
8.11050420562785,2,2,163,0.3625,
>SIA8F_HUMAN,305,0,305,0
6.97798213920985,5,2,5,0.35,
6.4241300673047,4,3,4,0.35,
6.4223902019141,4,2,4,0.408333333333333,
,,,,,X,X,X,X,X,X,X,X,X,X,X,X,R,P,G,G,A,L,L,A,L,L,A,S,L,L,L,L,L,L,L,R,L,L,W,C,P,A,D,A,P,G,R,A,R,I,L,V,E,E,S,R,
>SIA8F_MOUSE,305,0,305,0
6.74991600577731,5,2,5,0.35,
6.00798318449342,2,2,5,0,
5.9649206932767,4,2,5,0,
>SIAT1_HUMAN,305,0,269,0
6.60465686276107,2,5,8,1.04857142857143,
6.60420547385634,3,5,8,1.37625,
6.60050351112667,5,2,10,1.57285714285714,
,,,,,X,X,X,X,X,X,X,X,I,H,T,N,L,K,K,K,F,S,C,C,V,L,V,F,L,L,F,A,V,I,C,V,W,K,E,K,K,K,G,S,Y,Y,D,S,F,K,L,Q,T,K,E,F,Q,
>SIAT1_RAT,305,0,269,0
7.66268892390289,5,2,10,1.57285714285714,
7.5475629746343,5,3,10,1.37625,
7.17267086834694,4,2,10,1.22333333333333,
>SIAT2_BOVIN,250,0,250,0
7.22268907436586,2,2,10,0.3125,
7.15727240895305,3,2,10,0.74,
6.98575746965102,3,3,10,0.616666666666667,
>SIAT2_HUMAN,250,0,250,0
8.58624649863654,3,2,10,1.23,
8.47319327732329,3,3,10,1.025,
8.3495798363845,2,2,10,0.925,
>SIAT2_MOUSE,250,0,250,0
8.58683473389072,3,2,10,1.23,
8.47338935574135,3,3,10,1.025,
8.42016806688648,2,2,10,0.925,
>SIAT2_RAT,250,0,250,0
8.86183473389356,3,2,10,1.23,
8.56505602240896,3,3,10,1.025,
8.42016806722689,2,2,10,0.925,
>SIAT6_PANTR,250,0,250,0
9.03585434173669,2,3,8,0.49,
8.55896358543417,2,4,8,0.408333333333333,
8.31179271708683,2,5,8,0.35,
>SIAT9_BOVIN,305,0,305,0
9.55966385515751,2,2,66,0.9175,
8.83172207633066,4,3,61,0.7,
8.50664915967927,3,3,61,0.408333333333333,
,,,,,S,L,Q,W,Y,T,R,A,Q,N,K,M,R,R,P,N,L,L,L,K,D,I,L,K,C,T,L,L,L,F,G,V,W,I,L,F,Y,I,L,K,L,N,H,T,T,E,E,C,D,M,K,R,M,P,Y,M,
>SIAT9_HUMAN,305,0,305,0
8.26008403978953,2,2,65,0.9175,
8.15672079248359,4,3,60,0.7,
7.6064950980304,3,3,60,0.408333333333333,
,,,,,S,L,Q,W,Y,T,R,A,Q,S,K,M,R,R,P,S,L,L,L,K,D,I,L,K,C,T,L,L,V,F,G,V,W,I,L,Y,I,L,K,L,N,Y,T,T,E,E,C,D,M,K,K,M,H,Y,V,D,
>SIAT9_MOUSE,305,0,305,0
8.42143316215371,4,3,59,0.7,
7.8719794584454,3,3,59,0.408333333333333,
7.61008403001884,2,2,64,0.9175,
,,,,,S,L,Q,W,Y,T,R,T,Q,H,K,M,R,R,P,S,L,L,I,K,D,I,C,K,C,T,L,V,A,F,G,V,W,L,L,Y,I,L,I,L,N,Y,T,A,E,E,C,D,M,K,R,M,H,Y,V,D,
>SIAT9_RAT,305,0,305,0
8.95042017103166,2,2,37,0.9175,
8.15676136982567,4,3,32,0.7,
7.61136437908061,3,3,32,0.408333333333333,
,,,,,S,L,Q,W,Y,T,Q,T,Q,H,K,M,R,R,P,S,L,L,L,K,D,I,L,K,C,M,L,V,V,F,G,V,W,L,L,Y,I,L,K,L,N,Y,T,A,E,E,C,D,M,K,K,L,N,Y,V,D,
>SLC31_HUMAN,269,0,0,0
9.96764705939089,2,2,86,0.93,
9.68921568646363,2,3,86,0.744,
9.14723039216159,3,2,86,0.744,
>SLC31_MOUSE,269,0,0,0
9.38725490386413,2,3,85,0.744,
9.1396813725966,3,2,85,0.744,
9.06176471159239,2,2,85,0.93,
>SPCS3_BOVIN,305,0,0,250
7.66134452559264,2,2,2,0,
6.72563024994353,2,3,9,0,
6.47945325630207,4,2,9,0.408333333333333,
,,,,,X,X,X,X,X,X,X,X,X,X,X,X,X,X,N,T,V,L,S,R,A,N,S,L,F,A,F,S,L,S,V,M,A,A,L,T,F,G,C,F,I,T,T,A,F,K,D,R,S,V,P,V,R,L,H,V,S,R,
>SUN1_HUMAN,269,0,0,0
8.36890756302521,2,2,314,0.6125,
6.62201668125584,5,2,317,0.874285714285714,
6.58347338935574,2,3,318,0.734,
,,,,,L,I,S,W,L,N,V,F,L,L,T,R,C,L,R,N,I,C,K,F,L,V,L,L,I,P,L,F,L,L,L,A,G,L,S,L,R,G,Q,G,N,F,F,S,F,L,P,V,L,N,W,A,S,M,H,
>SUN1_MOUSE,269,0,0,0
8.09747898871528,2,2,411,0.6125,
6.87747866650132,5,2,414,0.874285714285714,
6.67915955550044,5,3,414,0.765,
,,,,,L,I,S,W,L,N,V,F,L,L,T,R,C,L,R,N,I,C,K,V,F,V,L,L,L,P,L,L,L,L,L,G,A,G,V,S,L,W,G,Q,G,N,F,F,S,L,L,P,V,L,N,W,T,A,
>SUN2_HUMAN,305,0,0,0
5.81974789900533,2,4,205,0.816666666666667,
5.36134453577062,2,2,211,0.9175,
5.33102240892951,2,5,211,1.51428571428571,
,,,,,L,T,T,A,A,S,L,L,D,V,F,V,L,T,R,R,F,S,S,L,K,T,F,L,W,F,L,L,P,L,L,L,L,T,C,L,T,Y,G,A,W,Y,F,Y,P,Y,G,L,Q,T,F,H,P,A,L,V,S,
>SUN2_MOUSE,250,0,0,0
6.10294117356086,2,2,225,0.9175,
5.94341736911489,2,3,218,0.78,
5.9301772875815,4,2,225,0.611666666666667,
,,,,,T,A,A,S,L,L,D,V,F,V,L,T,R,S,R,H,F,S,L,N,L,K,S,F,L,W,F,L,L,L,L,L,L,L,T,G,L,T,Y,G,A,W,H,F,Y,P,L,G,L,Q,T,L,Q,P,A,V,V,S,
>TM11G_RAT,269,0,0,0
6.4363440612356,4,3,17,1.51428571428571,
5.95903218370679,4,2,17,1.76666666666667,
5.72795401493835,3,3,17,1.155,
>TMPS3_HUMAN,269,0,0,269
6.81435498366013,4,2,49,0.611666666666667,
6.65478499455338,4,3,49,0.524285714285714,
6.06994624863834,4,4,49,0.45875,
>TMPS3_MOUSE,269,0,0,269
6.90546218024189,2,2,38,0.3125,
6.81449579831865,4,2,49,0.611666666666667,
6.65483193277288,4,3,49,0.524285714285714,
,,,,,L,K,I,S,P,V,A,P,D,G,D,A,V,A,A,Q,I,L,S,L,L,P,L,K,F,F,P,I,I,V,I,G,I,I,A,L,I,L,A,L,A,I,G,L,G,I,H,F,D,C,S,G,K,Y,R,C,H,S,S,F,K,C,
>TNF15_HUMAN,305,0,0,0
5.96596639617334,2,2,34,2.345,
5.42198879872445,2,3,34,1.876,
5.24304971996811,3,2,34,1.876,
>TNMD_HUMAN,305,0,0,0
7.35340992647168,4,2,23,1.835,
7.07585784326857,3,2,23,1.468,
6.1685700827206,5,2,23,1.57285714285714,
>TPST1_HUMAN,269,0,269,0
9.46374299722958,3,2,7,0.984,
9.37680322129875,3,3,7,0.82,
8.71638655584977,2,3,7,0.25,
>TPST1_MOUSE,250,0,250,0
9.47703081226085,3,2,7,0.984,
9.38123249297584,3,3,7,0.82,
9.34369747130189,2,2,7,0.3125,
>TPST2_BOVIN,250,0,250,0
8.97100840336135,2,3,6,0.98,
8.51302521008403,2,2,6,1.225,
8.41775210084034,2,4,6,0.816666666666667,
>TPST2_HUMAN,269,0,269,0
10.3319327723332,2,3,6,0.98,
10.1957983169995,2,2,6,1.225,
9.3579831930833,2,4,6,0.816666666666667,
>TPST2_MOUSE,250,0,250,0
10.2285714269666,2,2,6,1.53,
10.1428571423222,2,3,6,1.224,
9.08571428558055,2,4,6,1.02,
>TRDN_CANLF,269,0,0,0
6.10722687470822,5,2,49,0.99,
5.92907562490274,5,3,49,0.86625,
5.89222496498599,4,2,49,1.155,
>TRDN_MOUSE,250,0,0,0
6.1072268907563,5,2,49,0.99,
5.9290756302521,5,3,49,0.86625,
5.89222689075629,4,2,49,1.155,
>TRDN_RABIT,269,0,0,0
6.1072268907563,5,2,49,0.99,
5.9290756302521,5,3,49,0.86625,
5.8922268907563,4,2,49,1.155,
>UST_HUMAN,250,0,250,0
6.22169070961718,4,2,48,1.25166666666667,
6.09056356987239,4,3,48,1.07285714285714,
5.5913908924681,4,4,48,0.93875,
>UST_MOUSE,250,0,250,0
6.22163868464093,4,2,49,1.25166666666667,
6.09054622821364,4,3,49,1.07285714285714,
5.59138655705341,4,4,49,0.93875,
>UXS1_HUMAN,250,0,250,0
8.86806542537154,5,2,18,1.57428571428571,
8.82268847512385,5,3,18,1.3775,
8.51785104458506,4,2,18,1.42833333333333,
>XBP1_BOVIN,250,0,0,250
5.35,2,2,184,0.3125,
5.34541666666667,3,2,189,1.386,
5.29065625,4,2,189,1.155,
,,,,,R,A,P,L,Q,Q,V,Q,A,Q,L,S,P,L,Q,N,I,S,P,W,T,L,M,A,L,T,L,Q,T,L,S,L,T,S,C,W,A,F,C,S,T,W,T,Q,S,C,S,S,D,V,L,P,Q,S,L,P,
>XBP1_MOUSE,250,0,0,250
7.11945028020333,3,2,179,0.25,
6.81293986344614,4,2,179,0.208333333333333,
6.53403362439941,2,2,179,0.3125,
>XBP1_RAT,250,0,0,250
7.76302520415718,2,2,179,0.3125,
7.64969187670131,3,2,179,0.25,
7.33735854341696,4,2,179,0.208333333333333,
>XXLT1_HUMAN,269,0,0,269
6.56928702731071,4,2,23,1.49333333333333,
6.52309567577024,4,3,23,1.28,
6.44327391894256,4,4,23,1.12,
>XXLT1_MOUSE,250,0,0,250
6.56932773109224,4,2,23,1.49333333333333,
6.52310924369741,4,3,23,1.28,
6.44327731092435,4,4,23,1.12,
>XYLK_HUMAN,269,0,269,0
10.4905217086976,3,2,5,1.474,
10.207951680677,3,3,5,1.22833333333333,
9.75420168123557,2,3,5,0.74,
>XYLT1_CANLF,250,0,250,0
10.7436974724629,2,2,8,1.225,
7.74789915748765,2,3,8,1.47,
7.39193258847521,5,3,15,0.79375,
,,,,,X,X,X,X,X,X,X,X,V,A,A,P,S,A,R,R,L,V,R,R,S,H,S,A,L,L,A,A,L,T,V,L,L,L,Q,T,L,V,G,W,N,F,S,S,L,H,S,G,A,G,E,R,R,G,G,A,A,A,
>XYLT1_HUMAN,305,0,269,0
7.39193277310924,5,3,15,0.79375,
7.25579831932773,5,2,15,0.907142857142857,
7.15630253252169,2,2,8,1.225,
,,,,,X,X,X,X,X,X,X,X,V,A,A,P,C,A,R,R,L,A,R,R,S,H,S,A,L,L,A,A,L,T,V,L,L,L,Q,T,L,V,V,W,N,F,S,S,L,D,S,G,A,G,E,R,R,G,G,A,A,V,
>XYLT1_MOUSE,305,0,269,0
7.39193277310924,5,3,15,0.79375,
7.25579831932773,5,2,15,0.907142857142857,
6.95693277310924,4,3,15,0.557142857142857,
>XYLT2_BOVIN,250,0,250,0
8.36259977046374,4,3,14,1.94714285714286,
8.04530578898226,3,3,14,1.86333333333333,
7.88779931139122,4,2,14,2.27166666666667,
>XYLT2_CANLF,250,0,250,0
8.36260504201678,4,3,14,1.94714285714286,
8.04593837534709,3,3,14,1.86333333333333,
7.88781512605035,4,2,14,2.27166666666667,
>XYLT2_HUMAN,305,0,305,0
8.36260504201681,4,3,14,1.94714285714286,
8.04593837535014,3,3,14,1.86333333333333,
7.88781512605042,4,2,14,2.27166666666667,
>XYLT2_MOUSE,250,0,250,0
8.36260504201681,4,3,14,1.94714285714286,
8.04593837535014,3,3,14,1.86333333333333,
7.88781512605042,4,2,14,2.27166666666667,
>XYLT2_RAT,250,0,250,0
8.36260504201681,4,3,14,1.94714285714286,
8.04593837535014,3,3,14,1.86333333333333,
7.88781512605042,4,2,14,2.27166666666667,
